ปี พ.ศ.,เดือน,ประเภทรถ,ยี่ห้อ,รุ่น,จำนวน
2569,มกราคม,รถยนต์นั่งส่วนบุคคลไม่เกิน 7 คน,AION,AION ES,221
2569,มกราคม,รถยนต์นั่งส่วนบุคคลไม่เกิน 7 คน,AION,AION UT 420 STANDARD,809
2569,มกราคม,รถยนต์นั่งส่วนบุคคลไม่เกิน 7 คน,AION,AION UT 500 PREMIUM,709
2569,มกราคม,รถยนต์นั่งส่วนบุคคลไม่เกิน 7 คน,AION,AION V 505 PREMIUM,12
2569,มกราคม,รถยนต์นั่งส่วนบุคคลไม่เกิน 7 คน,AION,AION V 602 LUXURY,1255
2569,มกราคม,รถยนต์นั่งส่วนบุคคลไม่เกิน 7 คน,AION,AION Y PLUS,496
2569,มกราคม,รถยนต์นั่งส่วนบุคคลไม่เกิน 7 คน,AION,AION Y PLUS 490 PREMIUM,391
2569,มกราคม,รถยนต์นั่งส่วนบุคคลไม่เกิน 7 คน,AION,HYPTEC HT 620 LUXURY,16
2569,มกราคม,รถยนต์นั่งส่วนบุคคลไม่เกิน 7 คน,AION,HYPTEC HT 620 PREMIUM,535
2569,มกราคม,รถยนต์นั่งส่วนบุคคลไม่เกิน 7 คน,AUDI,A1 SB 35 TFSI S line,1
2569,มกราคม,รถยนต์นั่งส่วนบุคคลไม่เกิน 7 คน,AUDI,A4 AV 45 TFSI q S line IB,1
2569,มกราคม,รถยนต์นั่งส่วนบุคคลไม่เกิน 7 คน,AUDI,A5 Avant e-hybrid q Tech Pro,3
2569,มกราคม,รถยนต์นั่งส่วนบุคคลไม่เกิน 7 คน,AUDI,A5 CP 40 TFSI S line,4
2569,มกราคม,รถยนต์นั่งส่วนบุคคลไม่เกิน 7 คน,AUDI,A5 CP 40 TFSI S line eo,7
2569,มกราคม,รถยนต์นั่งส่วนบุคคลไม่เกิน 7 คน,AUDI,A5 CP 45 TFSI q S line BE,2
2569,มกราคม,รถยนต์นั่งส่วนบุคคลไม่เกิน 7 คน,AUDI,A5 SB 40 TFSI S line,2
2569,มกราคม,รถยนต์นั่งส่วนบุคคลไม่เกิน 7 คน,AUDI,A5 SB 40 TFSI S line eo,7
2569,มกราคม,รถยนต์นั่งส่วนบุคคลไม่เกิน 7 คน,AUDI,A5 SB 45 TFSI q S line BE,1
2569,มกราคม,รถยนต์นั่งส่วนบุคคลไม่เกิน 7 คน,AUDI,A5 SB e-hybrid q Tech Plus,2
2569,มกราคม,รถยนต์นั่งส่วนบุคคลไม่เกิน 7 คน,AUDI,A5 SB e-hybrid q Tech Pro,4
2569,มกราคม,รถยนต์นั่งส่วนบุคคลไม่เกิน 7 คน,AUDI,A7 SB 55 TFSIe q Sline,1
2569,มกราคม,รถยนต์นั่งส่วนบุคคลไม่เกิน 7 คน,AUDI,A8L 60 TFSIe q Pstg Sline,1
2569,มกราคม,รถยนต์นั่งส่วนบุคคลไม่เกิน 7 คน,AUDI,Q3 35 TFSI S line,1
2569,มกราคม,รถยนต์นั่งส่วนบุคคลไม่เกิน 7 คน,AUDI,Q3 SB 40 TFSI q S line BE,1
2569,มกราคม,รถยนต์นั่งส่วนบุคคลไม่เกิน 7 คน,AUDI,Q5 55 TFSI e q S line BE,3
2569,มกราคม,รถยนต์นั่งส่วนบุคคลไม่เกิน 7 คน,AUDI,Q5 SB 55 TFSIe q S lineBE,1
2569,มกราคม,รถยนต์นั่งส่วนบุคคลไม่เกิน 7 คน,AUDI,Q8 60 TFSI e q S line BE,1
2569,มกราคม,รถยนต์นั่งส่วนบุคคลไม่เกิน 7 คน,AUDI,Q8 etron 55 q BE,4
2569,มกราคม,รถยนต์นั่งส่วนบุคคลไม่เกิน 7 คน,AUDI,Q8 SB etron 55 q Sline BE,2
2569,มกราคม,รถยนต์นั่งส่วนบุคคลไม่เกิน 7 คน,AUDI,Q8 TFSI e q S line edition one,3
2569,มกราคม,รถยนต์นั่งส่วนบุคคลไม่เกิน 7 คน,AUDI,RS 4 Avant q competition,1
2569,มกราคม,รถยนต์นั่งส่วนบุคคลไม่เกิน 7 คน,AUDI,RS 4 AV q,1
2569,มกราคม,รถยนต์นั่งส่วนบุคคลไม่เกิน 7 คน,AUDI,RS 5 Coupe q competition,1
2569,มกราคม,รถยนต์นั่งส่วนบุคคลไม่เกิน 7 คน,AUDI,RS 7 SB q performance,1
2569,มกราคม,รถยนต์นั่งส่วนบุคคลไม่เกิน 7 คน,AUDI,RS Q3 SB edition 10 years,1
2569,มกราคม,รถยนต์นั่งส่วนบุคคลไม่เกิน 7 คน,AUDI,RS Q8 q,2
2569,มกราคม,รถยนต์นั่งส่วนบุคคลไม่เกิน 7 คน,AUDI,S3 Sportback quattro,1
2569,มกราคม,รถยนต์นั่งส่วนบุคคลไม่เกิน 7 คน,AUDI,TT Coupe 45 TFSI q S line,1
2569,มกราคม,รถยนต์นั่งส่วนบุคคลไม่เกิน 7 คน,AUDI,TT Coupe Final Icon Black,6
2569,มกราคม,รถยนต์นั่งส่วนบุคคลไม่เกิน 7 คน,AUDI,TT RS Coupe q,1
2569,มกราคม,รถยนต์นั่งส่วนบุคคลไม่เกิน 7 คน,AUDI,TT RS Heritage Edition,1
2569,มกราคม,รถยนต์นั่งส่วนบุคคลไม่เกิน 7 คน,AVATR,AVATR 11 LONG RANGE,42
2569,มกราคม,รถยนต์นั่งส่วนบุคคลไม่เกิน 7 คน,AVATR,AVATR 11 STANDARD RANGE,5
2569,มกราคม,รถยนต์นั่งส่วนบุคคลไม่เกิน 7 คน,BENTLEY,BENTAYGA HYBRID,2
2569,มกราคม,รถยนต์นั่งส่วนบุคคลไม่เกิน 7 คน,BENTLEY,FLYING SPUR AZURE HYBRID,2
2569,มกราคม,รถยนต์นั่งส่วนบุคคลไม่เกิน 7 คน,BMW,220 Gran Coupe M Sport Pr,58
2569,มกราคม,รถยนต์นั่งส่วนบุคคลไม่เกิน 7 คน,BMW,220i Gran Coupe M Sport,18
2569,มกราคม,รถยนต์นั่งส่วนบุคคลไม่เกิน 7 คน,BMW,320d M Sport,130
2569,มกราคม,รถยนต์นั่งส่วนบุคคลไม่เกิน 7 คน,BMW,320d Sport,3
2569,มกราคม,รถยนต์นั่งส่วนบุคคลไม่เกิน 7 คน,BMW,320Li Limousine LWB RHD,25
2569,มกราคม,รถยนต์นั่งส่วนบุคคลไม่เกิน 7 คน,BMW,330e M Sport,49
2569,มกราคม,รถยนต์นั่งส่วนบุคคลไม่เกิน 7 คน,BMW,330Li,5
2569,มกราคม,รถยนต์นั่งส่วนบุคคลไม่เกิน 7 คน,BMW,420i Coupe RHD,4
2569,มกราคม,รถยนต์นั่งส่วนบุคคลไม่เกิน 7 คน,BMW,430i Cabrio RHD,2
2569,มกราคม,รถยนต์นั่งส่วนบุคคลไม่เกิน 7 คน,BMW,430i Convertible RHD,3
2569,มกราคม,รถยนต์นั่งส่วนบุคคลไม่เกิน 7 คน,BMW,430i Coupe RHD,6
2569,มกราคม,รถยนต์นั่งส่วนบุคคลไม่เกิน 7 คน,BMW,520d M Sport,22
2569,มกราคม,รถยนต์นั่งส่วนบุคคลไม่เกิน 7 คน,BMW,520d M Sport Pro,37
2569,มกราคม,รถยนต์นั่งส่วนบุคคลไม่เกิน 7 คน,BMW,530e Elite,2
2569,มกราคม,รถยนต์นั่งส่วนบุคคลไม่เกิน 7 คน,BMW,530e Inspiring,13
2569,มกราคม,รถยนต์นั่งส่วนบุคคลไม่เกิน 7 คน,BMW,530e M Sport,6
2569,มกราคม,รถยนต์นั่งส่วนบุคคลไม่เกิน 7 คน,BMW,530e M Sport Pro,34
2569,มกราคม,รถยนต์นั่งส่วนบุคคลไม่เกิน 7 คน,BMW,740d M Sport,4
2569,มกราคม,รถยนต์นั่งส่วนบุคคลไม่เกิน 7 คน,BMW,750e xDrive M Sport,5
2569,มกราคม,รถยนต์นั่งส่วนบุคคลไม่เกิน 7 คน,BMW,i4 eDrive35 Gran Coupe RH,4
2569,มกราคม,รถยนต์นั่งส่วนบุคคลไม่เกิน 7 คน,BMW,i4 M50 Gran Coupe RHD,3
2569,มกราคม,รถยนต์นั่งส่วนบุคคลไม่เกิน 7 คน,BMW,i5 eDrive40 RHD,13
2569,มกราคม,รถยนต์นั่งส่วนบุคคลไม่เกิน 7 คน,BMW,i5 eDrive40 Touring RHD,2
2569,มกราคม,รถยนต์นั่งส่วนบุคคลไม่เกิน 7 คน,BMW,i5 M60 xDrive RHD,8
2569,มกราคม,รถยนต์นั่งส่วนบุคคลไม่เกิน 7 คน,BMW,i7 eDrive50 RHD,2
2569,มกราคม,รถยนต์นั่งส่วนบุคคลไม่เกิน 7 คน,BMW,i7 xDrive60 Limousine RHD,19
2569,มกราคม,รถยนต์นั่งส่วนบุคคลไม่เกิน 7 คน,BMW,iX xDrive40 RHD,2
2569,มกราคม,รถยนต์นั่งส่วนบุคคลไม่เกิน 7 คน,BMW,iX xDrive50 RHD,9
2569,มกราคม,รถยนต์นั่งส่วนบุคคลไม่เกิน 7 คน,BMW,iX1 eDrive20L,50
2569,มกราคม,รถยนต์นั่งส่วนบุคคลไม่เกิน 7 คน,BMW,iX3 M Sport RHD,19
2569,มกราคม,รถยนต์นั่งส่วนบุคคลไม่เกิน 7 คน,BMW,M2 Coupe RHD MX,1
2569,มกราคม,รถยนต์นั่งส่วนบุคคลไม่เกิน 7 คน,BMW,M2 RHD,1
2569,มกราคม,รถยนต์นั่งส่วนบุคคลไม่เกิน 7 คน,BMW,M240i xDrive Coupe RHD MX,2
2569,มกราคม,รถยนต์นั่งส่วนบุคคลไม่เกิน 7 คน,BMW,M340i xDrive,6
2569,มกราคม,รถยนต์นั่งส่วนบุคคลไม่เกิน 7 คน,BMW,M4 COMPETITION COUPE,1
2569,มกราคม,รถยนต์นั่งส่วนบุคคลไม่เกิน 7 คน,BMW,M440i xDrive Coupe RHD,2
2569,มกราคม,รถยนต์นั่งส่วนบุคคลไม่เกิน 7 คน,BMW,M760e xDrive,1
2569,มกราคม,รถยนต์นั่งส่วนบุคคลไม่เกิน 7 คน,BMW,X1 sDrive18i,1
2569,มกราคม,รถยนต์นั่งส่วนบุคคลไม่เกิน 7 คน,BMW,X1 sDrive20i M Sport,119
2569,มกราคม,รถยนต์นั่งส่วนบุคคลไม่เกิน 7 คน,BMW,X1 sDrive20i xLine,14
2569,มกราคม,รถยนต์นั่งส่วนบุคคลไม่เกิน 7 คน,BMW,X3 20d xDrive M Sport Pro,73
2569,มกราคม,รถยนต์นั่งส่วนบุคคลไม่เกิน 7 คน,BMW,X3 20d xDrive RHD,2
2569,มกราคม,รถยนต์นั่งส่วนบุคคลไม่เกิน 7 คน,BMW,X3 M50 xDrive,9
2569,มกราคม,รถยนต์นั่งส่วนบุคคลไม่เกิน 7 คน,BMW,X3 M50 xDrive RHD,1
2569,มกราคม,รถยนต์นั่งส่วนบุคคลไม่เกิน 7 คน,BMW,X3 xDrive20d M Sport,2
2569,มกราคม,รถยนต์นั่งส่วนบุคคลไม่เกิน 7 คน,BMW,X3 xDrive20d xLine,1
2569,มกราคม,รถยนต์นั่งส่วนบุคคลไม่เกิน 7 คน,BMW,X3 xDrive30e M Sport,14
2569,มกราคม,รถยนต์นั่งส่วนบุคคลไม่เกิน 7 คน,BMW,X3 xDrive30e xLine,1
2569,มกราคม,รถยนต์นั่งส่วนบุคคลไม่เกิน 7 คน,BMW,X4 M RHD,1
2569,มกราคม,รถยนต์นั่งส่วนบุคคลไม่เกิน 7 คน,BMW,X4 xDrive20d RHD,18
2569,มกราคม,รถยนต์นั่งส่วนบุคคลไม่เกิน 7 คน,BMW,X5 xDrive30d M Sport,27
2569,มกราคม,รถยนต์นั่งส่วนบุคคลไม่เกิน 7 คน,BMW,X5 xDrive30d xLine,1
2569,มกราคม,รถยนต์นั่งส่วนบุคคลไม่เกิน 7 คน,BMW,X5 xDrive50e RHD,13
2569,มกราคม,รถยนต์นั่งส่วนบุคคลไม่เกิน 7 คน,BMW,X6 xDrive40i M Sport,11
2569,มกราคม,รถยนต์นั่งส่วนบุคคลไม่เกิน 7 คน,BMW,X7 M50d RHD,1
2569,มกราคม,รถยนต์นั่งส่วนบุคคลไม่เกิน 7 คน,BMW,X7 xDrive40d M Sport,7
2569,มกราคม,รถยนต์นั่งส่วนบุคคลไม่เกิน 7 คน,BMW,XM 50e RHD,3
2569,มกราคม,รถยนต์นั่งส่วนบุคคลไม่เกิน 7 คน,BMW,Z4 sDrive30i RHD,2
2569,มกราคม,รถยนต์นั่งส่วนบุคคลไม่เกิน 7 คน,BMW,,1
2569,มกราคม,รถยนต์นั่งส่วนบุคคลไม่เกิน 7 คน,BYD,BYD ATTO 3,2
2569,มกราคม,รถยนต์นั่งส่วนบุคคลไม่เกิน 7 คน,BYD,BYD ATTO3 (410KM-DYNAMIC),1
2569,มกราคม,รถยนต์นั่งส่วนบุคคลไม่เกิน 7 คน,BYD,BYD ATTO3 (410KM-PREMIUM),1384
2569,มกราคม,รถยนต์นั่งส่วนบุคคลไม่เกิน 7 คน,BYD,BYD ATTO3 (480KM-EXT),2691
2569,มกราคม,รถยนต์นั่งส่วนบุคคลไม่เกิน 7 คน,BYD,BYD DOLPHIN (435KM-STD),5061
2569,มกราคม,รถยนต์นั่งส่วนบุคคลไม่เกิน 7 คน,BYD,BYD DOLPHIN (490KM-EXT),830
2569,มกราคม,รถยนต์นั่งส่วนบุคคลไม่เกิน 7 คน,BYD,BYD DOLPHIN EXD,1
2569,มกราคม,รถยนต์นั่งส่วนบุคคลไม่เกิน 7 คน,BYD,BYD M6 DYNAMIC,38
2569,มกราคม,รถยนต์นั่งส่วนบุคคลไม่เกิน 7 คน,BYD,BYD M6 EXTENDED,281
2569,มกราคม,รถยนต์นั่งส่วนบุคคลไม่เกิน 7 คน,BYD,BYD SEAL 5 DM-i PREMIUM,168
2569,มกราคม,รถยนต์นั่งส่วนบุคคลไม่เกิน 7 คน,BYD,BYD SEAL EXD AWD,40
2569,มกราคม,รถยนต์นั่งส่วนบุคคลไม่เกิน 7 คน,BYD,BYD SEAL EXD RWD,291
2569,มกราคม,รถยนต์นั่งส่วนบุคคลไม่เกิน 7 คน,BYD,BYD SEAL STD RWD,294
2569,มกราคม,รถยนต์นั่งส่วนบุคคลไม่เกิน 7 คน,BYD,BYD SEALION 6,3
2569,มกราคม,รถยนต์นั่งส่วนบุคคลไม่เกิน 7 คน,BYD,BYD SEALION 6 DM-i DYNAMIC,125
2569,มกราคม,รถยนต์นั่งส่วนบุคคลไม่เกิน 7 คน,BYD,BYD SEALION 6 DM-i PREMIUM,427
2569,มกราคม,รถยนต์นั่งส่วนบุคคลไม่เกิน 7 คน,BYD,BYD SEALION 7 AWD,449
2569,มกราคม,รถยนต์นั่งส่วนบุคคลไม่เกิน 7 คน,BYD,BYD SEALION 7 RWD,702
2569,มกราคม,รถยนต์นั่งส่วนบุคคลไม่เกิน 7 คน,BYD,E6,24
2569,มกราคม,รถยนต์นั่งส่วนบุคคลไม่เกิน 7 คน,CHANGAN,LUMIN L DC,240
2569,มกราคม,รถยนต์นั่งส่วนบุคคลไม่เกิน 7 คน,CHERY,V23 2WD PLAY,257
2569,มกราคม,รถยนต์นั่งส่วนบุคคลไม่เกิน 7 คน,CHERY,V23 2WD PLUS,546
2569,มกราคม,รถยนต์นั่งส่วนบุคคลไม่เกิน 7 คน,CHERY,V23 4WD PEAK,534
2569,มกราคม,รถยนต์นั่งส่วนบุคคลไม่เกิน 7 คน,CHEVROLET,CAPTIVA,1
2569,มกราคม,รถยนต์นั่งส่วนบุคคลไม่เกิน 7 คน,DAIHATSU,MOVE CANBUS STRIPES G TURBO,1
2569,มกราคม,รถยนต์นั่งส่วนบุคคลไม่เกิน 7 คน,DEEPAL,E07 PERFORMANCE AWD,8
2569,มกราคม,รถยนต์นั่งส่วนบุคคลไม่เกิน 7 คน,DEEPAL,E07 PLUS,9
2569,มกราคม,รถยนต์นั่งส่วนบุคคลไม่เกิน 7 คน,DEEPAL,HUNTER K50,5
2569,มกราคม,รถยนต์นั่งส่วนบุคคลไม่เกิน 7 คน,DEEPAL,L07,87
2569,มกราคม,รถยนต์นั่งส่วนบุคคลไม่เกิน 7 คน,DEEPAL,L07 S,80
2569,มกราคม,รถยนต์นั่งส่วนบุคคลไม่เกิน 7 คน,DEEPAL,S05 MAX,1927
2569,มกราคม,รถยนต์นั่งส่วนบุคคลไม่เกิน 7 คน,DEEPAL,S05 PLUS,92
2569,มกราคม,รถยนต์นั่งส่วนบุคคลไม่เกิน 7 คน,DEEPAL,S05 REEV MAX,320
2569,มกราคม,รถยนต์นั่งส่วนบุคคลไม่เกิน 7 คน,DEEPAL,S07,448
2569,มกราคม,รถยนต์นั่งส่วนบุคคลไม่เกิน 7 คน,DEEPAL,S07 L,614
2569,มกราคม,รถยนต์นั่งส่วนบุคคลไม่เกิน 7 คน,DENZA,DENZA D9 AWD,30
2569,มกราคม,รถยนต์นั่งส่วนบุคคลไม่เกิน 7 คน,DENZA,DENZA D9 FWD,306
2569,มกราคม,รถยนต์นั่งส่วนบุคคลไม่เกิน 7 คน,FERRARI,12Cilindri,1
2569,มกราคม,รถยนต์นั่งส่วนบุคคลไม่เกิน 7 คน,FERRARI,296 GTB,3
2569,มกราคม,รถยนต์นั่งส่วนบุคคลไม่เกิน 7 คน,FERRARI,F8 TRIBUTO,1
2569,มกราคม,รถยนต์นั่งส่วนบุคคลไม่เกิน 7 คน,FERRARI,ROMA SPIDER,1
2569,มกราคม,รถยนต์นั่งส่วนบุคคลไม่เกิน 7 คน,FERRARI,SF90 SPIDER,1
2569,มกราคม,รถยนต์นั่งส่วนบุคคลไม่เกิน 7 คน,FORD,EVEREST,711
2569,มกราคม,รถยนต์นั่งส่วนบุคคลไม่เกิน 7 คน,FORD,MUSTANG ECOBOOST FASTBACK,1
2569,มกราคม,รถยนต์นั่งส่วนบุคคลไม่เกิน 7 คน,FORD,RANGER,935
2569,มกราคม,รถยนต์นั่งส่วนบุคคลไม่เกิน 7 คน,FORD,RANGER RAPTOR,121
2569,มกราคม,รถยนต์นั่งส่วนบุคคลไม่เกิน 7 คน,FOTON,eTUNLAND,1
2569,มกราคม,รถยนต์นั่งส่วนบุคคลไม่เกิน 7 คน,GAC,M8 PHEV PREMIUM,50
2569,มกราคม,รถยนต์นั่งส่วนบุคคลไม่เกิน 7 คน,GEELY,EX5,414
2569,มกราคม,รถยนต์นั่งส่วนบุคคลไม่เกิน 7 คน,GWM,GWM TANK 300,883
2569,มกราคม,รถยนต์นั่งส่วนบุคคลไม่เกิน 7 คน,GWM,GWM TANK 500,124
2569,มกราคม,รถยนต์นั่งส่วนบุคคลไม่เกิน 7 คน,GWM TANK,300 HYBRID,27
2569,มกราคม,รถยนต์นั่งส่วนบุคคลไม่เกิน 7 คน,GWM TANK,500 HYBRID,7
2569,มกราคม,รถยนต์นั่งส่วนบุคคลไม่เกิน 7 คน,HAVAL,H6 HEV PRO,1
2569,มกราคม,รถยนต์นั่งส่วนบุคคลไม่เกิน 7 คน,HAVAL,H6 HEV ULTRA,7
2569,มกราคม,รถยนต์นั่งส่วนบุคคลไม่เกิน 7 คน,HAVAL,H6 HYBRID,25
2569,มกราคม,รถยนต์นั่งส่วนบุคคลไม่เกิน 7 คน,HAVAL,H6 PLUG-IN HYBRID,120
2569,มกราคม,รถยนต์นั่งส่วนบุคคลไม่เกิน 7 คน,HAVAL,JOLION HYBRID,51
2569,มกราคม,รถยนต์นั่งส่วนบุคคลไม่เกิน 7 คน,HONDA,ACCORD,179
2569,มกราคม,รถยนต์นั่งส่วนบุคคลไม่เกิน 7 คน,HONDA,BR-V,2
2569,มกราคม,รถยนต์นั่งส่วนบุคคลไม่เกิน 7 คน,HONDA,CITY,1202
2569,มกราคม,รถยนต์นั่งส่วนบุคคลไม่เกิน 7 คน,HONDA,CITY HATCHBACK,2121
2569,มกราคม,รถยนต์นั่งส่วนบุคคลไม่เกิน 7 คน,HONDA,CIVIC,1220
2569,มกราคม,รถยนต์นั่งส่วนบุคคลไม่เกิน 7 คน,HONDA,CIVIC TYPE R,5
2569,มกราคม,รถยนต์นั่งส่วนบุคคลไม่เกิน 7 คน,HONDA,CIVIC TYPE R RACING BLACK,1
2569,มกราคม,รถยนต์นั่งส่วนบุคคลไม่เกิน 7 คน,HONDA,CR-V,612
2569,มกราคม,รถยนต์นั่งส่วนบุคคลไม่เกิน 7 คน,HONDA,e:N1,26
2569,มกราคม,รถยนต์นั่งส่วนบุคคลไม่เกิน 7 คน,HONDA,HR-V,2811
2569,มกราคม,รถยนต์นั่งส่วนบุคคลไม่เกิน 7 คน,HONDA,MOBILIO,1
2569,มกราคม,รถยนต์นั่งส่วนบุคคลไม่เกิน 7 คน,HONDA,ODYSSEY e-HEV ABSOLUTE EX,1
2569,มกราคม,รถยนต์นั่งส่วนบุคคลไม่เกิน 7 คน,HONDA,STEP WGN e-HEV AIR,4
2569,มกราคม,รถยนต์นั่งส่วนบุคคลไม่เกิน 7 คน,HONDA,STEP WGN e-HEV SPADA PREMIUM,10
2569,มกราคม,รถยนต์นั่งส่วนบุคคลไม่เกิน 7 คน,HONDA,WR-V,2
2569,มกราคม,รถยนต์นั่งส่วนบุคคลไม่เกิน 7 คน,HONDA,,1
2569,มกราคม,รถยนต์นั่งส่วนบุคคลไม่เกิน 7 คน,HYUNDAI,CRETA,31
2569,มกราคม,รถยนต์นั่งส่วนบุคคลไม่เกิน 7 คน,HYUNDAI,IONIQ5,236
2569,มกราคม,รถยนต์นั่งส่วนบุคคลไม่เกิน 7 คน,HYUNDAI,IONIQ6,4
2569,มกราคม,รถยนต์นั่งส่วนบุคคลไม่เกิน 7 คน,HYUNDAI,PALISADE,36
2569,มกราคม,รถยนต์นั่งส่วนบุคคลไม่เกิน 7 คน,HYUNDAI,SANTA FE,60
2569,มกราคม,รถยนต์นั่งส่วนบุคคลไม่เกิน 7 คน,HYUNDAI,STARGAZER,34
2569,มกราคม,รถยนต์นั่งส่วนบุคคลไม่เกิน 7 คน,ISUZU,CAB4 SX 2.5,1
2569,มกราคม,รถยนต์นั่งส่วนบุคคลไม่เกิน 7 คน,ISUZU,D-MAX,3234
2569,มกราคม,รถยนต์นั่งส่วนบุคคลไม่เกิน 7 คน,ISUZU,MU-X,1513
2569,มกราคม,รถยนต์นั่งส่วนบุคคลไม่เกิน 7 คน,ISUZU,TFR87GWRH1 (M),1
2569,มกราคม,รถยนต์นั่งส่วนบุคคลไม่เกิน 7 คน,JAECOO,5 EV Long Range Dynamic,17
2569,มกราคม,รถยนต์นั่งส่วนบุคคลไม่เกิน 7 คน,JAECOO,5 EV Long Range Max,6779
2569,มกราคม,รถยนต์นั่งส่วนบุคคลไม่เกิน 7 คน,JAECOO,6 EV Long Range 2WD,127
2569,มกราคม,รถยนต์นั่งส่วนบุคคลไม่เกิน 7 คน,JAECOO,6 EV Long Range 2WD PRO,531
2569,มกราคม,รถยนต์นั่งส่วนบุคคลไม่เกิน 7 คน,JAECOO,6 EV Long Range 4WD,402
2569,มกราคม,รถยนต์นั่งส่วนบุคคลไม่เกิน 7 คน,JAECOO,6T EV Long Range 4WD,100
2569,มกราคม,รถยนต์นั่งส่วนบุคคลไม่เกิน 7 คน,JAECOO,7 SHS Max,213
2569,มกราคม,รถยนต์นั่งส่วนบุคคลไม่เกิน 7 คน,JEEP,WRANGLER RUBICON 4 DOOR,6
2569,มกราคม,รถยนต์นั่งส่วนบุคคลไม่เกิน 7 คน,KIA,CARNIVAL,15
2569,มกราคม,รถยนต์นั่งส่วนบุคคลไม่เกิน 7 คน,KIA,CARNIVAL HEV 7P LUXURY,17
2569,มกราคม,รถยนต์นั่งส่วนบุคคลไม่เกิน 7 คน,KIA,CARNIVAL HEV 7P PREMIUM,3
2569,มกราคม,รถยนต์นั่งส่วนบุคคลไม่เกิน 7 คน,KIA,EV5,24
2569,มกราคม,รถยนต์นั่งส่วนบุคคลไม่เกิน 7 คน,KIA,SORENTO,9
2569,มกราคม,รถยนต์นั่งส่วนบุคคลไม่เกิน 7 คน,LAMBORGHINI,HURACAN STERRATO,1
2569,มกราคม,รถยนต์นั่งส่วนบุคคลไม่เกิน 7 คน,LAMBORGHINI,REVUELTO,1
2569,มกราคม,รถยนต์นั่งส่วนบุคคลไม่เกิน 7 คน,LAMBORGHINI,URUS PERFORMANTE,2
2569,มกราคม,รถยนต์นั่งส่วนบุคคลไม่เกิน 7 คน,LAND ROVER,DEFENDER 2.0L T/C PETROL PHEV,2
2569,มกราคม,รถยนต์นั่งส่วนบุคคลไม่เกิน 7 คน,LAND ROVER,DEFENDER 3.0 LITRE T/C MHEV,2
2569,มกราคม,รถยนต์นั่งส่วนบุคคลไม่เกิน 7 คน,LAND ROVER,RANGE ROVER 3.0 LITRE T/C,4
2569,มกราคม,รถยนต์นั่งส่วนบุคคลไม่เกิน 7 คน,LAND ROVER,RANGE ROVER EVOQUE 1.5LITRE,2
2569,มกราคม,รถยนต์นั่งส่วนบุคคลไม่เกิน 7 คน,LAND ROVER,RANGE ROVER P460E PHEV,1
2569,มกราคม,รถยนต์นั่งส่วนบุคคลไม่เกิน 7 คน,LAND ROVER,RANGE ROVER SPORT 3.0 LITRE,2
2569,มกราคม,รถยนต์นั่งส่วนบุคคลไม่เกิน 7 คน,LAND ROVER,RANGE ROVER VELAR 2.0 LITRE,1
2569,มกราคม,รถยนต์นั่งส่วนบุคคลไม่เกิน 7 คน,LEAPMOTOR,B10 Design BEV,38
2569,มกราคม,รถยนต์นั่งส่วนบุคคลไม่เกิน 7 คน,LEAPMOTOR,C10 EV,15
2569,มกราคม,รถยนต์นั่งส่วนบุคคลไม่เกิน 7 คน,LEXUS,LBX,6
2569,มกราคม,รถยนต์นั่งส่วนบุคคลไม่เกิน 7 คน,LEXUS,LC500 5.0 V8,1
2569,มกราคม,รถยนต์นั่งส่วนบุคคลไม่เกิน 7 คน,LEXUS,LM350H,27
2569,มกราคม,รถยนต์นั่งส่วนบุคคลไม่เกิน 7 คน,LEXUS,LM350H 2.5L,1
2569,มกราคม,รถยนต์นั่งส่วนบุคคลไม่เกิน 7 คน,LEXUS,LM500H,8
2569,มกราคม,รถยนต์นั่งส่วนบุคคลไม่เกิน 7 คน,LEXUS,LX600 7 SEAT,1
2569,มกราคม,รถยนต์นั่งส่วนบุคคลไม่เกิน 7 คน,LEXUS,NX350H,12
2569,มกราคม,รถยนต์นั่งส่วนบุคคลไม่เกิน 7 คน,LEXUS,NX450H+,6
2569,มกราคม,รถยนต์นั่งส่วนบุคคลไม่เกิน 7 คน,LEXUS,RX350H,5
2569,มกราคม,รถยนต์นั่งส่วนบุคคลไม่เกิน 7 คน,LEXUS,RX450H+,6
2569,มกราคม,รถยนต์นั่งส่วนบุคคลไม่เกิน 7 คน,LEXUS,RX500H,3
2569,มกราคม,รถยนต์นั่งส่วนบุคคลไม่เกิน 7 คน,LEXUS,RZ450E,1
2569,มกราคม,รถยนต์นั่งส่วนบุคคลไม่เกิน 7 คน,LEXUS,UX300H,1
2569,มกราคม,รถยนต์นั่งส่วนบุคคลไม่เกิน 7 คน,LOTUS,ELETRE 600 GT SE,1
2569,มกราคม,รถยนต์นั่งส่วนบุคคลไม่เกิน 7 คน,LOTUS,ELETRE R,2
2569,มกราคม,รถยนต์นั่งส่วนบุคคลไม่เกิน 7 คน,LOTUS,ELETRE S,1
2569,มกราคม,รถยนต์นั่งส่วนบุคคลไม่เกิน 7 คน,LOTUS,EMEYA R,1
2569,มกราคม,รถยนต์นั่งส่วนบุคคลไม่เกิน 7 คน,MASERATI,GRANTURISMO FOLGORE,1
2569,มกราคม,รถยนต์นั่งส่วนบุคคลไม่เกิน 7 คน,MASERATI,GRECALE GT HYBRID,2
2569,มกราคม,รถยนต์นั่งส่วนบุคคลไม่เกิน 7 คน,MASERATI,GRECALE MODENA HYBRID,2
2569,มกราคม,รถยนต์นั่งส่วนบุคคลไม่เกิน 7 คน,MASERATI,LEVANTE,1
2569,มกราคม,รถยนต์นั่งส่วนบุคคลไม่เกิน 7 คน,MAZDA,CX-3,110
2569,มกราคม,รถยนต์นั่งส่วนบุคคลไม่เกิน 7 คน,MAZDA,MAZDA 2,498
2569,มกราคม,รถยนต์นั่งส่วนบุคคลไม่เกิน 7 คน,MAZDA,MAZDA 3,30
2569,มกราคม,รถยนต์นั่งส่วนบุคคลไม่เกิน 7 คน,MAZDA,MAZDA 6,2
2569,มกราคม,รถยนต์นั่งส่วนบุคคลไม่เกิน 7 คน,MAZDA,MAZDA BT-50,7
2569,มกราคม,รถยนต์นั่งส่วนบุคคลไม่เกิน 7 คน,MAZDA,MAZDA CX-3,15
2569,มกราคม,รถยนต์นั่งส่วนบุคคลไม่เกิน 7 คน,MAZDA,MAZDA CX-30,149
2569,มกราคม,รถยนต์นั่งส่วนบุคคลไม่เกิน 7 คน,MAZDA,MAZDA CX-5,88
2569,มกราคม,รถยนต์นั่งส่วนบุคคลไม่เกิน 7 คน,MAZDA,MAZDA CX-8,8
2569,มกราคม,รถยนต์นั่งส่วนบุคคลไม่เกิน 7 คน,MAZDA,MX-5,1
2569,มกราคม,รถยนต์นั่งส่วนบุคคลไม่เกิน 7 คน,MAZDA,ROADSTER 990S,1
2569,มกราคม,รถยนต์นั่งส่วนบุคคลไม่เกิน 7 คน,MAZDA,ROADSTER RF 35TH ANNIVERSARY,1
2569,มกราคม,รถยนต์นั่งส่วนบุคคลไม่เกิน 7 คน,MCLAREN,GTS,1
2569,มกราคม,รถยนต์นั่งส่วนบุคคลไม่เกิน 7 คน,MERCEDES BENZ,A 200,30
2569,มกราคม,รถยนต์นั่งส่วนบุคคลไม่เกิน 7 คน,MERCEDES BENZ,AMG CLE 53 4MATIC coupe,4
2569,มกราคม,รถยนต์นั่งส่วนบุคคลไม่เกิน 7 คน,MERCEDES BENZ,AMG CLS 53 4MATIC,16
2569,มกราคม,รถยนต์นั่งส่วนบุคคลไม่เกิน 7 คน,MERCEDES BENZ,AMG EQE 53 4MATIC+,2
2569,มกราคม,รถยนต์นั่งส่วนบุคคลไม่เกิน 7 คน,MERCEDES BENZ,AMG G 63,1
2569,มกราคม,รถยนต์นั่งส่วนบุคคลไม่เกิน 7 คน,MERCEDES BENZ,AMG GLC 43 4MATIC Coupe,1
2569,มกราคม,รถยนต์นั่งส่วนบุคคลไม่เกิน 7 คน,MERCEDES BENZ,AMG GLE 53 4MATIC+,1
2569,มกราคม,รถยนต์นั่งส่วนบุคคลไม่เกิน 7 คน,MERCEDES BENZ,AMG GLE 53 HYBRID 4MATIC+,8
2569,มกราคม,รถยนต์นั่งส่วนบุคคลไม่เกิน 7 คน,MERCEDES BENZ,C 200 Coupe,4
2569,มกราคม,รถยนต์นั่งส่วนบุคคลไม่เกิน 7 คน,MERCEDES BENZ,C 220 d,81
2569,มกราคม,รถยนต์นั่งส่วนบุคคลไม่เกิน 7 คน,MERCEDES BENZ,C 300 e,2
2569,มกราคม,รถยนต์นั่งส่วนบุคคลไม่เกิน 7 คน,MERCEDES BENZ,C 350 e,42
2569,มกราคม,รถยนต์นั่งส่วนบุคคลไม่เกิน 7 คน,MERCEDES BENZ,C250 COUPE,1
2569,มกราคม,รถยนต์นั่งส่วนบุคคลไม่เกิน 7 คน,MERCEDES BENZ,CLE 300 4MATIC coupe,29
2569,มกราคม,รถยนต์นั่งส่วนบุคคลไม่เกิน 7 คน,MERCEDES BENZ,CLS 220 d,49
2569,มกราคม,รถยนต์นั่งส่วนบุคคลไม่เกิน 7 คน,MERCEDES BENZ,CLS 300 d,1
2569,มกราคม,รถยนต์นั่งส่วนบุคคลไม่เกิน 7 คน,MERCEDES BENZ,E 220 d,40
2569,มกราคม,รถยนต์นั่งส่วนบุคคลไม่เกิน 7 คน,MERCEDES BENZ,E 300 e,10
2569,มกราคม,รถยนต์นั่งส่วนบุคคลไม่เกิน 7 คน,MERCEDES BENZ,E 350 e,54
2569,มกราคม,รถยนต์นั่งส่วนบุคคลไม่เกิน 7 คน,MERCEDES BENZ,EQE 300,29
2569,มกราคม,รถยนต์นั่งส่วนบุคคลไม่เกิน 7 คน,MERCEDES BENZ,EQE 350 4MATIC SUV,43
2569,มกราคม,รถยนต์นั่งส่วนบุคคลไม่เกิน 7 คน,MERCEDES BENZ,EQS 450 4MATIC SUV,8
2569,มกราคม,รถยนต์นั่งส่วนบุคคลไม่เกิน 7 คน,MERCEDES BENZ,EQS 450+,2
2569,มกราคม,รถยนต์นั่งส่วนบุคคลไม่เกิน 7 คน,MERCEDES BENZ,EQS 500 4MATIC,9
2569,มกราคม,รถยนต์นั่งส่วนบุคคลไม่เกิน 7 คน,MERCEDES BENZ,G 450 d,1
2569,มกราคม,รถยนต์นั่งส่วนบุคคลไม่เกิน 7 คน,MERCEDES BENZ,G 450 D,2
2569,มกราคม,รถยนต์นั่งส่วนบุคคลไม่เกิน 7 คน,MERCEDES BENZ,G400 D PROFESSIONAL,1
2569,มกราคม,รถยนต์นั่งส่วนบุคคลไม่เกิน 7 คน,MERCEDES BENZ,G450 D AMG,1
2569,มกราคม,รถยนต์นั่งส่วนบุคคลไม่เกิน 7 คน,MERCEDES BENZ,GLA 200,49
2569,มกราคม,รถยนต์นั่งส่วนบุคคลไม่เกิน 7 คน,MERCEDES BENZ,GLB 200,1
2569,มกราคม,รถยนต์นั่งส่วนบุคคลไม่เกิน 7 คน,MERCEDES BENZ,GLC 220 d,3
2569,มกราคม,รถยนต์นั่งส่วนบุคคลไม่เกิน 7 คน,MERCEDES BENZ,GLC 220 d 4MATIC,30
2569,มกราคม,รถยนต์นั่งส่วนบุคคลไม่เกิน 7 คน,MERCEDES BENZ,GLC 220 d 4MATIC Coupe,2
2569,มกราคม,รถยนต์นั่งส่วนบุคคลไม่เกิน 7 คน,MERCEDES BENZ,GLC 250 d 4MATIC,1
2569,มกราคม,รถยนต์นั่งส่วนบุคคลไม่เกิน 7 คน,MERCEDES BENZ,GLC 250 d 4MATIC Coupe,1
2569,มกราคม,รถยนต์นั่งส่วนบุคคลไม่เกิน 7 คน,MERCEDES BENZ,GLC 300 e 4MATIC,2
2569,มกราคม,รถยนต์นั่งส่วนบุคคลไม่เกิน 7 คน,MERCEDES BENZ,GLC 300 e 4MATIC Coupe,2
2569,มกราคม,รถยนต์นั่งส่วนบุคคลไม่เกิน 7 คน,MERCEDES BENZ,GLC 350 e 4MATIC,33
2569,มกราคม,รถยนต์นั่งส่วนบุคคลไม่เกิน 7 คน,MERCEDES BENZ,GLC 350 e 4MATIC coupe,22
2569,มกราคม,รถยนต์นั่งส่วนบุคคลไม่เกิน 7 คน,MERCEDES BENZ,GLE 300 d 4MATIC,16
2569,มกราคม,รถยนต์นั่งส่วนบุคคลไม่เกิน 7 คน,MERCEDES BENZ,GLE 350 de 4MATIC,1
2569,มกราคม,รถยนต์นั่งส่วนบุคคลไม่เกิน 7 คน,MERCEDES BENZ,GLS 350 d 4MATIC,1
2569,มกราคม,รถยนต์นั่งส่วนบุคคลไม่เกิน 7 คน,MERCEDES BENZ,GLS 450 d 4MATIC,5
2569,มกราคม,รถยนต์นั่งส่วนบุคคลไม่เกิน 7 คน,MERCEDES BENZ,Maybach S 580 e,4
2569,มกราคม,รถยนต์นั่งส่วนบุคคลไม่เกิน 7 คน,MERCEDES BENZ,MERCEDES-AMG CLE 53,16
2569,มกราคม,รถยนต์นั่งส่วนบุคคลไม่เกิน 7 คน,MERCEDES BENZ,MERCEDES-AMG GLE 53,4
2569,มกราคม,รถยนต์นั่งส่วนบุคคลไม่เกิน 7 คน,MERCEDES BENZ,S 350 d,4
2569,มกราคม,รถยนต์นั่งส่วนบุคคลไม่เกิน 7 คน,MERCEDES BENZ,S 580 e,9
2569,มกราคม,รถยนต์นั่งส่วนบุคคลไม่เกิน 7 คน,MERCEDES BENZ,SPRINTER 388 SINGLE,1
2569,มกราคม,รถยนต์นั่งส่วนบุคคลไม่เกิน 7 คน,MERCEDES BENZ,SPRINTER 419 CDI,1
2569,มกราคม,รถยนต์นั่งส่วนบุคคลไม่เกิน 7 คน,MERCEDES BENZ,V 300 d,6
2569,มกราคม,รถยนต์นั่งส่วนบุคคลไม่เกิน 7 คน,MG,CYBERSTER,7
2569,มกราคม,รถยนต์นั่งส่วนบุคคลไม่เกิน 7 คน,MG,EP,135
2569,มกราคม,รถยนต์นั่งส่วนบุคคลไม่เกิน 7 คน,MG,ES,19
2569,มกราคม,รถยนต์นั่งส่วนบุคคลไม่เกิน 7 คน,MG,HS,2
2569,มกราคม,รถยนต์นั่งส่วนบุคคลไม่เกิน 7 คน,MG,HS PHEV,18
2569,มกราคม,รถยนต์นั่งส่วนบุคคลไม่เกิน 7 คน,MG,IM6,419
2569,มกราคม,รถยนต์นั่งส่วนบุคคลไม่เกิน 7 คน,MG,MAXUS 7,108
2569,มกราคม,รถยนต์นั่งส่วนบุคคลไม่เกิน 7 คน,MG,MAXUS 9,68
2569,มกราคม,รถยนต์นั่งส่วนบุคคลไม่เกิน 7 คน,MG,MG EXTENDER,18
2569,มกราคม,รถยนต์นั่งส่วนบุคคลไม่เกิน 7 คน,MG,MG3,135
2569,มกราคม,รถยนต์นั่งส่วนบุคคลไม่เกิน 7 คน,MG,MG4 ELECTRIC,2400
2569,มกราคม,รถยนต์นั่งส่วนบุคคลไม่เกิน 7 คน,MG,MG5,127
2569,มกราคม,รถยนต์นั่งส่วนบุคคลไม่เกิน 7 คน,MG,NEW MG3,1
2569,มกราคม,รถยนต์นั่งส่วนบุคคลไม่เกิน 7 คน,MG,S5 EV,2080
2569,มกราคม,รถยนต์นั่งส่วนบุคคลไม่เกิน 7 คน,MG,VS HEV,57
2569,มกราคม,รถยนต์นั่งส่วนบุคคลไม่เกิน 7 คน,MG,ZS,30
2569,มกราคม,รถยนต์นั่งส่วนบุคคลไม่เกิน 7 คน,MG,ZS EV,115
2569,มกราคม,รถยนต์นั่งส่วนบุคคลไม่เกิน 7 คน,MINI,Aceman SE RHD,45
2569,มกราคม,รถยนต์นั่งส่วนบุคคลไม่เกิน 7 คน,MINI,Cooper S Convertible RHD,1
2569,มกราคม,รถยนต์นั่งส่วนบุคคลไม่เกิน 7 คน,MINI,Cooper S Countryman RHD,3
2569,มกราคม,รถยนต์นั่งส่วนบุคคลไม่เกิน 7 คน,MINI,Cooper SE Hatch RHD,1
2569,มกราคม,รถยนต์นั่งส่วนบุคคลไม่เกิน 7 คน,MINI,Cooper SE RHD,45
2569,มกราคม,รถยนต์นั่งส่วนบุคคลไม่เกิน 7 คน,MINI,Countryman S ALL4,24
2569,มกราคม,รถยนต์นั่งส่วนบุคคลไม่เกิน 7 คน,MINI,JCW Aceman E,5
2569,มกราคม,รถยนต์นั่งส่วนบุคคลไม่เกิน 7 คน,MINI,JCW Convertible RHD,1
2569,มกราคม,รถยนต์นั่งส่วนบุคคลไม่เกิน 7 คน,MINI,JCW E,22
2569,มกราคม,รถยนต์นั่งส่วนบุคคลไม่เกิน 7 คน,MINI,JCW RHD,4
2569,มกราคม,รถยนต์นั่งส่วนบุคคลไม่เกิน 7 คน,MITSUBISHI,ATTRAGE,215
2569,มกราคม,รถยนต์นั่งส่วนบุคคลไม่เกิน 7 คน,MITSUBISHI,MIRAGE,159
2569,มกราคม,รถยนต์นั่งส่วนบุคคลไม่เกิน 7 คน,MITSUBISHI,OUTLANDER PHEV,1
2569,มกราคม,รถยนต์นั่งส่วนบุคคลไม่เกิน 7 คน,MITSUBISHI,PAJERO SPORT,183
2569,มกราคม,รถยนต์นั่งส่วนบุคคลไม่เกิน 7 คน,MITSUBISHI,TRITON,279
2569,มกราคม,รถยนต์นั่งส่วนบุคคลไม่เกิน 7 คน,MITSUBISHI,XFORCE HEV,910
2569,มกราคม,รถยนต์นั่งส่วนบุคคลไม่เกิน 7 คน,MITSUBISHI,XPANDER,8
2569,มกราคม,รถยนต์นั่งส่วนบุคคลไม่เกิน 7 คน,MITSUBISHI,XPANDER CROSS HEV,359
2569,มกราคม,รถยนต์นั่งส่วนบุคคลไม่เกิน 7 คน,MITSUBISHI,XPANDER HEV,93
2569,มกราคม,รถยนต์นั่งส่วนบุคคลไม่เกิน 7 คน,NETA,NETA V-II,64
2569,มกราคม,รถยนต์นั่งส่วนบุคคลไม่เกิน 7 คน,NISSAN,ALMERA,197
2569,มกราคม,รถยนต์นั่งส่วนบุคคลไม่เกิน 7 คน,NISSAN,BE-1,1
2569,มกราคม,รถยนต์นั่งส่วนบุคคลไม่เกิน 7 คน,NISSAN,FAIRLADY Z,1
2569,มกราคม,รถยนต์นั่งส่วนบุคคลไม่เกิน 7 คน,NISSAN,GT-R PURE EDITION,2
2569,มกราคม,รถยนต์นั่งส่วนบุคคลไม่เกิน 7 คน,NISSAN,GTR BLACK EDITION,1
2569,มกราคม,รถยนต์นั่งส่วนบุคคลไม่เกิน 7 คน,NISSAN,KICKS,249
2569,มกราคม,รถยนต์นั่งส่วนบุคคลไม่เกิน 7 คน,NISSAN,NAVARA,84
2569,มกราคม,รถยนต์นั่งส่วนบุคคลไม่เกิน 7 คน,NISSAN,SERENA,51
2569,มกราคม,รถยนต์นั่งส่วนบุคคลไม่เกิน 7 คน,NISSAN,SERENA e-POWER,217
2569,มกราคม,รถยนต์นั่งส่วนบุคคลไม่เกิน 7 คน,NISSAN,SYLPHY 1.6 E CVT,2
2569,มกราคม,รถยนต์นั่งส่วนบุคคลไม่เกิน 7 คน,NISSAN,TEANA,1
2569,มกราคม,รถยนต์นั่งส่วนบุคคลไม่เกิน 7 คน,NISSAN,TERRA,5
2569,มกราคม,รถยนต์นั่งส่วนบุคคลไม่เกิน 7 คน,NISSAN,X-TRAIL,1
2569,มกราคม,รถยนต์นั่งส่วนบุคคลไม่เกิน 7 คน,NISSAN,X-TRIAL e-POWER,24
2569,มกราคม,รถยนต์นั่งส่วนบุคคลไม่เกิน 7 คน,OMODA,C5 EV Long Range Dynamic,56
2569,มกราคม,รถยนต์นั่งส่วนบุคคลไม่เกิน 7 คน,OMODA,C5 EV Long Range Max,126
2569,มกราคม,รถยนต์นั่งส่วนบุคคลไม่เกิน 7 คน,OMODA,C5 EV Long Range Ultimate,26
2569,มกราคม,รถยนต์นั่งส่วนบุคคลไม่เกิน 7 คน,ORA,GOOD CAT,1904
2569,มกราคม,รถยนต์นั่งส่วนบุคคลไม่เกิน 7 คน,ORA,ORA 07,31
2569,มกราคม,รถยนต์นั่งส่วนบุคคลไม่เกิน 7 คน,PEUGEOT,2008 P24 BG,14
2569,มกราคม,รถยนต์นั่งส่วนบุคคลไม่เกิน 7 คน,PEUGEOT,3008 P84 BG,18
2569,มกราคม,รถยนต์นั่งส่วนบุคคลไม่เกิน 7 คน,POER,SAHAR HYBRID,3
2569,มกราคม,รถยนต์นั่งส่วนบุคคลไม่เกิน 7 คน,PORSCHE,718 CAYMAN STYLE EDITION,4
2569,มกราคม,รถยนต์นั่งส่วนบุคคลไม่เกิน 7 คน,PORSCHE,718 CAYMAN T,1
2569,มกราคม,รถยนต์นั่งส่วนบุคคลไม่เกิน 7 คน,PORSCHE,718 SPYDER RS 4.0,2
2569,มกราคม,รถยนต์นั่งส่วนบุคคลไม่เกิน 7 คน,PORSCHE,911 CARRERA,4
2569,มกราคม,รถยนต์นั่งส่วนบุคคลไม่เกิน 7 คน,PORSCHE,911 CARRERA COUPE PDK,1
2569,มกราคม,รถยนต์นั่งส่วนบุคคลไม่เกิน 7 คน,PORSCHE,911 CARRERA GTS,2
2569,มกราคม,รถยนต์นั่งส่วนบุคคลไม่เกิน 7 คน,PORSCHE,911 CARRERA S,2
2569,มกราคม,รถยนต์นั่งส่วนบุคคลไม่เกิน 7 คน,PORSCHE,911 GT3,2
2569,มกราคม,รถยนต์นั่งส่วนบุคคลไม่เกิน 7 คน,PORSCHE,911 GT3 WITH T.P.,1
2569,มกราคม,รถยนต์นั่งส่วนบุคคลไม่เกิน 7 คน,PORSCHE,911 S/T,1
2569,มกราคม,รถยนต์นั่งส่วนบุคคลไม่เกิน 7 คน,PORSCHE,911 SPORT CLASSIC,1
2569,มกราคม,รถยนต์นั่งส่วนบุคคลไม่เกิน 7 คน,PORSCHE,911 TARGA 4 GTS,1
2569,มกราคม,รถยนต์นั่งส่วนบุคคลไม่เกิน 7 คน,PORSCHE,911 TURBO S,1
2569,มกราคม,รถยนต์นั่งส่วนบุคคลไม่เกิน 7 คน,PORSCHE,CAYENNE COUPE,1
2569,มกราคม,รถยนต์นั่งส่วนบุคคลไม่เกิน 7 คน,PORSCHE,CAYENNE E-HYBRID COUPE,8
2569,มกราคม,รถยนต์นั่งส่วนบุคคลไม่เกิน 7 คน,PORSCHE,CAYENNE E-HYBRID COUPE P.,1
2569,มกราคม,รถยนต์นั่งส่วนบุคคลไม่เกิน 7 คน,PORSCHE,CAYENNE E-HYBRID PLATINUM,1
2569,มกราคม,รถยนต์นั่งส่วนบุคคลไม่เกิน 7 คน,PORSCHE,CAYENNE GTS COUPE,1
2569,มกราคม,รถยนต์นั่งส่วนบุคคลไม่เกิน 7 คน,PORSCHE,CAYENNE S E-HYBRID COUPE,43
2569,มกราคม,รถยนต์นั่งส่วนบุคคลไม่เกิน 7 คน,PORSCHE,CAYENNE TURBO GT,1
2569,มกราคม,รถยนต์นั่งส่วนบุคคลไม่เกิน 7 คน,PORSCHE,MACAN,3
2569,มกราคม,รถยนต์นั่งส่วนบุคคลไม่เกิน 7 คน,PORSCHE,MACAN 4,2
2569,มกราคม,รถยนต์นั่งส่วนบุคคลไม่เกิน 7 คน,PORSCHE,PANAMERA 4 E-HYBRID,10
2569,มกราคม,รถยนต์นั่งส่วนบุคคลไม่เกิน 7 คน,PORSCHE,PANAMERA 4 E-HYBRID EXEC.,7
2569,มกราคม,รถยนต์นั่งส่วนบุคคลไม่เกิน 7 คน,PORSCHE,PANAMERA 4 E-HYBRID EXECUTIVE,1
2569,มกราคม,รถยนต์นั่งส่วนบุคคลไม่เกิน 7 คน,PORSCHE,PANAMERA 4 E-HYBRID P.E.,3
2569,มกราคม,รถยนต์นั่งส่วนบุคคลไม่เกิน 7 คน,PORSCHE,PANAMERA 4S E-HYBRID,1
2569,มกราคม,รถยนต์นั่งส่วนบุคคลไม่เกิน 7 คน,PORSCHE,TAYCAN,5
2569,มกราคม,รถยนต์นั่งส่วนบุคคลไม่เกิน 7 คน,PORSCHE,TAYCAN 4 CROSS TURISMO,1
2569,มกราคม,รถยนต์นั่งส่วนบุคคลไม่เกิน 7 คน,PORSCHE,TAYCAN 4S,2
2569,มกราคม,รถยนต์นั่งส่วนบุคคลไม่เกิน 7 คน,PORSCHE,TAYCAN GTS,1
2569,มกราคม,รถยนต์นั่งส่วนบุคคลไม่เกิน 7 คน,RIDDARA,HORIZON 4WD,6
2569,มกราคม,รถยนต์นั่งส่วนบุคคลไม่เกิน 7 คน,RIDDARA,HORIZON PRO 4WD,16
2569,มกราคม,รถยนต์นั่งส่วนบุคคลไม่เกิน 7 คน,RIDDARA,RD6 2WD,2
2569,มกราคม,รถยนต์นั่งส่วนบุคคลไม่เกิน 7 คน,RIDDARA,RD6 86KWH 2WD,4
2569,มกราคม,รถยนต์นั่งส่วนบุคคลไม่เกิน 7 คน,RIDDARA,RD6 ECON,3
2569,มกราคม,รถยนต์นั่งส่วนบุคคลไม่เกิน 7 คน,RIDDARA,RD6 PRO 2WD,25
2569,มกราคม,รถยนต์นั่งส่วนบุคคลไม่เกิน 7 คน,ROLLS-ROYCE,Ghost Extended,1
2569,มกราคม,รถยนต์นั่งส่วนบุคคลไม่เกิน 7 คน,SERES,SERES 3,2
2569,มกราคม,รถยนต์นั่งส่วนบุคคลไม่เกิน 7 คน,SUBARU,BRZ 2.4 RWD EyeSight 6AT,2
2569,มกราคม,รถยนต์นั่งส่วนบุคคลไม่เกิน 7 คน,SUBARU,BRZ CUP CAR BASIC,1
2569,มกราคม,รถยนต์นั่งส่วนบุคคลไม่เกิน 7 คน,SUBARU,FORESTER 2.0i-L ES,7
2569,มกราคม,รถยนต์นั่งส่วนบุคคลไม่เกิน 7 คน,SUBARU,FORESTER 2.0i-S ES,10
2569,มกราคม,รถยนต์นั่งส่วนบุคคลไม่เกิน 7 คน,SUBARU,FORESTER 2.5i-S AWD CVT,3
2569,มกราคม,รถยนต์นั่งส่วนบุคคลไม่เกิน 7 คน,SUBARU,OUTBACK 2.5i-T EyeSight,1
2569,มกราคม,รถยนต์นั่งส่วนบุคคลไม่เกิน 7 คน,SUBARU,XV 2.0i-P ES,34
2569,มกราคม,รถยนต์นั่งส่วนบุคคลไม่เกิน 7 คน,SUBARU,,1
2569,มกราคม,รถยนต์นั่งส่วนบุคคลไม่เกิน 7 คน,SUZUKI,CARRY 1.5L MT,1
2569,มกราคม,รถยนต์นั่งส่วนบุคคลไม่เกิน 7 คน,SUZUKI,CELERIO GA 1.0L MT,15
2569,มกราคม,รถยนต์นั่งส่วนบุคคลไม่เกิน 7 คน,SUZUKI,CELERIO GL 1.0L CVT,24
2569,มกราคม,รถยนต์นั่งส่วนบุคคลไม่เกิน 7 คน,SUZUKI,CELERIO GL UP 1.0L CVT,12
2569,มกราคม,รถยนต์นั่งส่วนบุคคลไม่เกิน 7 คน,SUZUKI,CELERIO GX 1.0L CVT,25
2569,มกราคม,รถยนต์นั่งส่วนบุคคลไม่เกิน 7 คน,SUZUKI,ERTIGA GX 1.5L,1
2569,มกราคม,รถยนต์นั่งส่วนบุคคลไม่เกิน 7 คน,SUZUKI,FRONX 1.5L,84
2569,มกราคม,รถยนต์นั่งส่วนบุคคลไม่เกิน 7 คน,SUZUKI,JIMNY 1.5L 4AT,25
2569,มกราคม,รถยนต์นั่งส่วนบุคคลไม่เกิน 7 คน,SUZUKI,JIMNY ALPHA 5 DOOR,1
2569,มกราคม,รถยนต์นั่งส่วนบุคคลไม่เกิน 7 คน,SUZUKI,JIMNY SIERRA 4WD,2
2569,มกราคม,รถยนต์นั่งส่วนบุคคลไม่เกิน 7 คน,SUZUKI,JIMNY SIERRA JC,1
2569,มกราคม,รถยนต์นั่งส่วนบุคคลไม่เกิน 7 คน,SUZUKI,JIMNY SIERRA JC 1.5L,1
2569,มกราคม,รถยนต์นั่งส่วนบุคคลไม่เกิน 7 คน,SUZUKI,JIMNY SIERRA JC 4WD,3
2569,มกราคม,รถยนต์นั่งส่วนบุคคลไม่เกิน 7 คน,SUZUKI,JIMNY SIERRA JL 1.5L 4WD,1
2569,มกราคม,รถยนต์นั่งส่วนบุคคลไม่เกิน 7 คน,SUZUKI,SWIFT GL 1.2L CVT,84
2569,มกราคม,รถยนต์นั่งส่วนบุคคลไม่เกิน 7 คน,SUZUKI,SWIFT GL NEXT 1.2L CVT,46
2569,มกราคม,รถยนต์นั่งส่วนบุคคลไม่เกิน 7 คน,SUZUKI,SWIFT GLX 1.25L CVT,1
2569,มกราคม,รถยนต์นั่งส่วนบุคคลไม่เกิน 7 คน,SUZUKI,SWIFT GLX 1.2L CVT,108
2569,มกราคม,รถยนต์นั่งส่วนบุคคลไม่เกิน 7 คน,SUZUKI,XL7 1.5L,11
2569,มกราคม,รถยนต์นั่งส่วนบุคคลไม่เกิน 7 คน,TESLA,Model 3 Long Range RWD,98
2569,มกราคม,รถยนต์นั่งส่วนบุคคลไม่เกิน 7 คน,TESLA,Model 3 Performance,13
2569,มกราคม,รถยนต์นั่งส่วนบุคคลไม่เกิน 7 คน,TESLA,Model 3 Rear-Wheel Drive,3
2569,มกราคม,รถยนต์นั่งส่วนบุคคลไม่เกิน 7 คน,TESLA,Model Y Rear-Wheel Drive,52
2569,มกราคม,รถยนต์นั่งส่วนบุคคลไม่เกิน 7 คน,TESLA,MODEL 3 LONG RANGE,1
2569,มกราคม,รถยนต์นั่งส่วนบุคคลไม่เกิน 7 คน,TESLA,MODEL Y LONG RANGE,15
2569,มกราคม,รถยนต์นั่งส่วนบุคคลไม่เกิน 7 คน,TOYOTA,ALPHARD,61
2569,มกราคม,รถยนต์นั่งส่วนบุคคลไม่เกิน 7 คน,TOYOTA,ALPHARD 2.5 HYBRID X,2
2569,มกราคม,รถยนต์นั่งส่วนบุคคลไม่เกิน 7 คน,TOYOTA,ALPHARD 2.5 HYBRID Z,10
2569,มกราคม,รถยนต์นั่งส่วนบุคคลไม่เกิน 7 คน,TOYOTA,ALPHARD 2.5 SC PACKAGE,4
2569,มกราคม,รถยนต์นั่งส่วนบุคคลไม่เกิน 7 คน,TOYOTA,ALPHARD 2.5 Z,4
2569,มกราคม,รถยนต์นั่งส่วนบุคคลไม่เกิน 7 คน,TOYOTA,ALPHARD EXECUTIVE LOUNGE,1
2569,มกราคม,รถยนต์นั่งส่วนบุคคลไม่เกิน 7 คน,TOYOTA,ALPHARD HYBRID EXECUTIVE,8
2569,มกราคม,รถยนต์นั่งส่วนบุคคลไม่เกิน 7 คน,TOYOTA,ALPHARD HYBRID X,6
2569,มกราคม,รถยนต์นั่งส่วนบุคคลไม่เกิน 7 คน,TOYOTA,ALPHARD HYBRID Z,17
2569,มกราคม,รถยนต์นั่งส่วนบุคคลไม่เกิน 7 คน,TOYOTA,ALPHARD HYBRID Z 2.5L,15
2569,มกราคม,รถยนต์นั่งส่วนบุคคลไม่เกิน 7 คน,TOYOTA,ALPHARD HYBRID Z 2WD,61
2569,มกราคม,รถยนต์นั่งส่วนบุคคลไม่เกิน 7 คน,TOYOTA,ALPHARD HYBRID Z E-FOUR,19
2569,มกราคม,รถยนต์นั่งส่วนบุคคลไม่เกิน 7 คน,TOYOTA,ALPHARD SC PACKAGE,1
2569,มกราคม,รถยนต์นั่งส่วนบุคคลไม่เกิน 7 คน,TOYOTA,ALPHARD SC PACKAGE 2.5L,1
2569,มกราคม,รถยนต์นั่งส่วนบุคคลไม่เกิน 7 คน,TOYOTA,ALPHARD SC PACKAGE 2.5L 2WD,1
2569,มกราคม,รถยนต์นั่งส่วนบุคคลไม่เกิน 7 คน,TOYOTA,ALPHARD X HYBRID 2.5L,1
2569,มกราคม,รถยนต์นั่งส่วนบุคคลไม่เกิน 7 คน,TOYOTA,ALPHARD Z 2.5L,5
2569,มกราคม,รถยนต์นั่งส่วนบุคคลไม่เกิน 7 คน,TOYOTA,ALPHARD Z 2WD,29
2569,มกราคม,รถยนต์นั่งส่วนบุคคลไม่เกิน 7 คน,TOYOTA,ALPHARD Z 2WD 2.5L,5
2569,มกราคม,รถยนต์นั่งส่วนบุคคลไม่เกิน 7 คน,TOYOTA,ALPHARD Z HYBRID 2.5L,7
2569,มกราคม,รถยนต์นั่งส่วนบุคคลไม่เกิน 7 คน,TOYOTA,BZ4X,320
2569,มกราคม,รถยนต์นั่งส่วนบุคคลไม่เกิน 7 คน,TOYOTA,C-HR,17
2569,มกราคม,รถยนต์นั่งส่วนบุคคลไม่เกิน 7 คน,TOYOTA,CAMRY,520
2569,มกราคม,รถยนต์นั่งส่วนบุคคลไม่เกิน 7 คน,TOYOTA,COMMUTER,59
2569,มกราคม,รถยนต์นั่งส่วนบุคคลไม่เกิน 7 คน,TOYOTA,COROLLA,186
2569,มกราคม,รถยนต์นั่งส่วนบุคคลไม่เกิน 7 คน,TOYOTA,COROLLA CROSS,1468
2569,มกราคม,รถยนต์นั่งส่วนบุคคลไม่เกิน 7 คน,TOYOTA,CROWN CROSSOVER RS ADVANCED,2
2569,มกราคม,รถยนต์นั่งส่วนบุคคลไม่เกิน 7 คน,TOYOTA,CROWN SPORT Z,3
2569,มกราคม,รถยนต์นั่งส่วนบุคคลไม่เกิน 7 คน,TOYOTA,CROWN Z,1
2569,มกราคม,รถยนต์นั่งส่วนบุคคลไม่เกิน 7 คน,TOYOTA,D-Cab 2x4 2.4E A/T,1
2569,มกราคม,รถยนต์นั่งส่วนบุคคลไม่เกิน 7 คน,TOYOTA,FORTUNER,1435
2569,มกราคม,รถยนต์นั่งส่วนบุคคลไม่เกิน 7 คน,TOYOTA,GR 86 RZ,1
2569,มกราคม,รถยนต์นั่งส่วนบุคคลไม่เกิน 7 คน,TOYOTA,GR COROLLA RZ,1
2569,มกราคม,รถยนต์นั่งส่วนบุคคลไม่เกิน 7 คน,TOYOTA,GR SUPRA,1
2569,มกราคม,รถยนต์นั่งส่วนบุคคลไม่เกิน 7 คน,TOYOTA,GR YARIS,1
2569,มกราคม,รถยนต์นั่งส่วนบุคคลไม่เกิน 7 คน,TOYOTA,GR YARIS RC,3
2569,มกราคม,รถยนต์นั่งส่วนบุคคลไม่เกิน 7 คน,TOYOTA,GR YARIS RC AT,1
2569,มกราคม,รถยนต์นั่งส่วนบุคคลไม่เกิน 7 คน,TOYOTA,GR YARIS RZ,1
2569,มกราคม,รถยนต์นั่งส่วนบุคคลไม่เกิน 7 คน,TOYOTA,GR YARIS RZ HIGH PERFORMANCE,2
2569,มกราคม,รถยนต์นั่งส่วนบุคคลไม่เกิน 7 คน,TOYOTA,GR86 RC,4
2569,มกราคม,รถยนต์นั่งส่วนบุคคลไม่เกิน 7 คน,TOYOTA,GR86 RZ,1
2569,มกราคม,รถยนต์นั่งส่วนบุคคลไม่เกิน 7 คน,TOYOTA,GR86 RZ 2WD,1
2569,มกราคม,รถยนต์นั่งส่วนบุคคลไม่เกิน 7 คน,TOYOTA,GR86 RZ 6MT,1
2569,มกราคม,รถยนต์นั่งส่วนบุคคลไม่เกิน 7 คน,TOYOTA,GR86 RZ AT,1
2569,มกราคม,รถยนต์นั่งส่วนบุคคลไม่เกิน 7 คน,TOYOTA,GR86 RZ M/T,1
2569,มกราคม,รถยนต์นั่งส่วนบุคคลไม่เกิน 7 คน,TOYOTA,GR86 SZ,1
2569,มกราคม,รถยนต์นั่งส่วนบุคคลไม่เกิน 7 คน,TOYOTA,GUN122R-BTFLXT,1
2569,มกราคม,รถยนต์นั่งส่วนบุคคลไม่เกิน 7 คน,TOYOTA,HARRIER HYBRID G,1
2569,มกราคม,รถยนต์นั่งส่วนบุคคลไม่เกิน 7 คน,TOYOTA,HIACE,1
2569,มกราคม,รถยนต์นั่งส่วนบุคคลไม่เกิน 7 คน,TOYOTA,HILUX CHAMP,1
2569,มกราคม,รถยนต์นั่งส่วนบุคคลไม่เกิน 7 คน,TOYOTA,HILUX REVO,932
2569,มกราคม,รถยนต์นั่งส่วนบุคคลไม่เกิน 7 คน,TOYOTA,HILUX TRAVO,1572
2569,มกราคม,รถยนต์นั่งส่วนบุคคลไม่เกิน 7 คน,TOYOTA,INNOVA,151
2569,มกราคม,รถยนต์นั่งส่วนบุคคลไม่เกิน 7 คน,TOYOTA,LAND CRUISER 250 GX,1
2569,มกราคม,รถยนต์นั่งส่วนบุคคลไม่เกิน 7 คน,TOYOTA,LAND CRUISER 250 VX,3
2569,มกราคม,รถยนต์นั่งส่วนบุคคลไม่เกิน 7 คน,TOYOTA,LAND CRUISER 250 ZX,6
2569,มกราคม,รถยนต์นั่งส่วนบุคคลไม่เกิน 7 คน,TOYOTA,LAND CRUISER 250 ZX 2.8L,1
2569,มกราคม,รถยนต์นั่งส่วนบุคคลไม่เกิน 7 คน,TOYOTA,LAND CRUISER 250 ZX FIRST,6
2569,มกราคม,รถยนต์นั่งส่วนบุคคลไม่เกิน 7 คน,TOYOTA,LAND CRUISER 300 GR SPORT,2
2569,มกราคม,รถยนต์นั่งส่วนบุคคลไม่เกิน 7 คน,TOYOTA,LAND CRUISER 300 ZX,4
2569,มกราคม,รถยนต์นั่งส่วนบุคคลไม่เกิน 7 คน,TOYOTA,LAND CRUISER 70 AX,3
2569,มกราคม,รถยนต์นั่งส่วนบุคคลไม่เกิน 7 คน,TOYOTA,LAND CRUISER 70 AX 2.8L 4WD,1
2569,มกราคม,รถยนต์นั่งส่วนบุคคลไม่เกิน 7 คน,TOYOTA,LAND CRUISER GR SPORT,1
2569,มกราคม,รถยนต์นั่งส่วนบุคคลไม่เกิน 7 คน,TOYOTA,NOAH HYBRID X 2WD,3
2569,มกราคม,รถยนต์นั่งส่วนบุคคลไม่เกิน 7 คน,TOYOTA,VELLFIRE,11
2569,มกราคม,รถยนต์นั่งส่วนบุคคลไม่เกิน 7 คน,TOYOTA,VELLFIRE 2.5 HYBRID Z PREMIER,10
2569,มกราคม,รถยนต์นั่งส่วนบุคคลไม่เกิน 7 คน,TOYOTA,VELLFIRE HYBRID Z 2.5L,1
2569,มกราคม,รถยนต์นั่งส่วนบุคคลไม่เกิน 7 คน,TOYOTA,VELLFIRE HYBRID Z E-FOUR,1
2569,มกราคม,รถยนต์นั่งส่วนบุคคลไม่เกิน 7 คน,TOYOTA,VELLFIRE HYBRID Z PREMIER,106
2569,มกราคม,รถยนต์นั่งส่วนบุคคลไม่เกิน 7 คน,TOYOTA,VELLFIRE Z PREMIER,3
2569,มกราคม,รถยนต์นั่งส่วนบุคคลไม่เกิน 7 คน,TOYOTA,VELLFIRE Z PREMIER E-FOUR,1
2569,มกราคม,รถยนต์นั่งส่วนบุคคลไม่เกิน 7 คน,TOYOTA,VELLFIRE Z PREMIER HYBRID 2.5L,13
2569,มกราคม,รถยนต์นั่งส่วนบุคคลไม่เกิน 7 คน,TOYOTA,VELOZ,378
2569,มกราคม,รถยนต์นั่งส่วนบุคคลไม่เกิน 7 คน,TOYOTA,VOXY HYBRID S-Z,6
2569,มกราคม,รถยนต์นั่งส่วนบุคคลไม่เกิน 7 คน,TOYOTA,VOXY SZ HYBRID 1.8L,2
2569,มกราคม,รถยนต์นั่งส่วนบุคคลไม่เกิน 7 คน,TOYOTA,YARIS,354
2569,มกราคม,รถยนต์นั่งส่วนบุคคลไม่เกิน 7 คน,TOYOTA,YARIS ATIV,7283
2569,มกราคม,รถยนต์นั่งส่วนบุคคลไม่เกิน 7 คน,TOYOTA,YARIS CROSS,3963
2569,มกราคม,รถยนต์นั่งส่วนบุคคลไม่เกิน 7 คน,VOLKSWAGEN,ID BUZZ,1
2569,มกราคม,รถยนต์นั่งส่วนบุคคลไม่เกิน 7 คน,VOLKSWAGEN,MULTIVAN STYLE,1
2569,มกราคม,รถยนต์นั่งส่วนบุคคลไม่เกิน 7 คน,VOLVO,C40,2
2569,มกราคม,รถยนต์นั่งส่วนบุคคลไม่เกิน 7 คน,VOLVO,EC40,34
2569,มกราคม,รถยนต์นั่งส่วนบุคคลไม่เกิน 7 คน,VOLVO,EX30,76
2569,มกราคม,รถยนต์นั่งส่วนบุคคลไม่เกิน 7 คน,VOLVO,EX40,59
2569,มกราคม,รถยนต์นั่งส่วนบุคคลไม่เกิน 7 คน,VOLVO,EX90,4
2569,มกราคม,รถยนต์นั่งส่วนบุคคลไม่เกิน 7 คน,VOLVO,S60,4
2569,มกราคม,รถยนต์นั่งส่วนบุคคลไม่เกิน 7 คน,VOLVO,S90,6
2569,มกราคม,รถยนต์นั่งส่วนบุคคลไม่เกิน 7 คน,VOLVO,V60,2
2569,มกราคม,รถยนต์นั่งส่วนบุคคลไม่เกิน 7 คน,VOLVO,XC40,9
2569,มกราคม,รถยนต์นั่งส่วนบุคคลไม่เกิน 7 คน,VOLVO,XC60,32
2569,มกราคม,รถยนต์นั่งส่วนบุคคลไม่เกิน 7 คน,VOLVO,XC90,11
2569,มกราคม,รถยนต์นั่งส่วนบุคคลไม่เกิน 7 คน,WULING,Air EV LR,23
2569,มกราคม,รถยนต์นั่งส่วนบุคคลไม่เกิน 7 คน,WULING,Air EV SR,3
2569,มกราคม,รถยนต์นั่งส่วนบุคคลไม่เกิน 7 คน,WULING,Bingou SRDTH CCS2,289
2569,มกราคม,รถยนต์นั่งส่วนบุคคลไม่เกิน 7 คน,WULING,Binguo SRD,10
2569,มกราคม,รถยนต์นั่งส่วนบุคคลไม่เกิน 7 คน,WULING,Binguo SRDTH,78
2569,มกราคม,รถยนต์นั่งส่วนบุคคลไม่เกิน 7 คน,XPENG,G6 AWD Performance,25
2569,มกราคม,รถยนต์นั่งส่วนบุคคลไม่เกิน 7 คน,XPENG,G6 LONG RANGE,11
2569,มกราคม,รถยนต์นั่งส่วนบุคคลไม่เกิน 7 คน,XPENG,G6 RWD Long Range,112
2569,มกราคม,รถยนต์นั่งส่วนบุคคลไม่เกิน 7 คน,XPENG,G6 RWD Standard Range,77
2569,มกราคม,รถยนต์นั่งส่วนบุคคลไม่เกิน 7 คน,XPENG,G6 STANDARD RANGE,20
2569,มกราคม,รถยนต์นั่งส่วนบุคคลไม่เกิน 7 คน,XPENG,X9 LONG RANGE,19
2569,มกราคม,รถยนต์นั่งส่วนบุคคลไม่เกิน 7 คน,XPENG,X9 LONG RANGE(EXECUTIVE),113
2569,มกราคม,รถยนต์นั่งส่วนบุคคลไม่เกิน 7 คน,XPENG,X9 LONG RANGE(LUXURY),29
2569,มกราคม,รถยนต์นั่งส่วนบุคคลไม่เกิน 7 คน,XPENG,X9 STANDARD RANGE,7
2569,มกราคม,รถยนต์นั่งส่วนบุคคลไม่เกิน 7 คน,ZEEKR,ZEEKR 009,223
2569,มกราคม,รถยนต์นั่งส่วนบุคคลไม่เกิน 7 คน,ZEEKR,ZEEKR 7X,221
2569,มกราคม,รถยนต์นั่งส่วนบุคคลไม่เกิน 7 คน,ZEEKR,ZEEKR X,24
2569,มกราคม,รถยนต์นั่งส่วนบุคคลเกิน 7 คน,FARIZON,SV9,1
2569,มกราคม,รถยนต์นั่งส่วนบุคคลเกิน 7 คน,FORD,RANGER,4
2569,มกราคม,รถยนต์นั่งส่วนบุคคลเกิน 7 คน,FORD,RANGER RAPTOR,12
2569,มกราคม,รถยนต์นั่งส่วนบุคคลเกิน 7 คน,HYUNDAI,H-1,4
2569,มกราคม,รถยนต์นั่งส่วนบุคคลเกิน 7 คน,HYUNDAI,STARIA,106
2569,มกราคม,รถยนต์นั่งส่วนบุคคลเกิน 7 คน,ISUZU,D-MAX,7
2569,มกราคม,รถยนต์นั่งส่วนบุคคลเกิน 7 คน,KIA,CARNIVAL,41
2569,มกราคม,รถยนต์นั่งส่วนบุคคลเกิน 7 คน,MERCEDES BENZ,SPRINTER 419 CDI VAN,5
2569,มกราคม,รถยนต์นั่งส่วนบุคคลเกิน 7 คน,MERCEDES BENZ,VITO 119 CDI,2
2569,มกราคม,รถยนต์นั่งส่วนบุคคลเกิน 7 คน,MERCEDES BENZ,VITO 119 CDI TOURER,8
2569,มกราคม,รถยนต์นั่งส่วนบุคคลเกิน 7 คน,MITSUBISHI,TRITON,3
2569,มกราคม,รถยนต์นั่งส่วนบุคคลเกิน 7 คน,NISSAN,UDB4RGKE26EWB--S-C,1
2569,มกราคม,รถยนต์นั่งส่วนบุคคลเกิน 7 คน,SUZUKI,CARRY 1.5L MT,9
2569,มกราคม,รถยนต์นั่งส่วนบุคคลเกิน 7 คน,TATA,SUPER ACE MINT,1
2569,มกราคม,รถยนต์นั่งส่วนบุคคลเกิน 7 คน,TOYOTA,COMMUTER,547
2569,มกราคม,รถยนต์นั่งส่วนบุคคลเกิน 7 คน,TOYOTA,HIACE,44
2569,มกราคม,รถยนต์นั่งส่วนบุคคลเกิน 7 คน,TOYOTA,HIACE MAJESTY,170
2569,มกราคม,รถยนต์นั่งส่วนบุคคลเกิน 7 คน,TOYOTA,HILUX CHAMP,3
2569,มกราคม,รถยนต์นั่งส่วนบุคคลเกิน 7 คน,TOYOTA,HILUX REVO,25
2569,มกราคม,รถยนต์นั่งส่วนบุคคลเกิน 7 คน,TOYOTA,HILUX TRAVO,144
2569,มกราคม,รถยนต์นั่งส่วนบุคคลเกิน 7 คน,TOYOTA,KDH223R-LEMDYT A2,1
2569,มกราคม,รถยนต์นั่งส่วนบุคคลเกิน 7 คน,VOLKSWAGEN,CARAVELLE COMFORTLINE2.0L,2
2569,มกราคม,รถยนต์บรรทุกส่วนบุคคล,BYD,T3,18
2569,มกราคม,รถยนต์บรรทุกส่วนบุคคล,DAIHATSU,HIJET CARGO,3
2569,มกราคม,รถยนต์บรรทุกส่วนบุคคล,DAIHATSU,HIJET CARGO CRUISE 2WD,1
2569,มกราคม,รถยนต์บรรทุกส่วนบุคคล,FARIZON,SV9,2
2569,มกราคม,รถยนต์บรรทุกส่วนบุคคล,FORD,RANGER,46
2569,มกราคม,รถยนต์บรรทุกส่วนบุคคล,FORD,RANGER SWB,2
2569,มกราคม,รถยนต์บรรทุกส่วนบุคคล,FOTON,BJ1031EVJA3,11
2569,มกราคม,รถยนต์บรรทุกส่วนบุคคล,FOTON,BJ1044EVJAR,2
2569,มกราคม,รถยนต์บรรทุกส่วนบุคคล,FOTON,BJ1044V9JB3-R1,3
2569,มกราคม,รถยนต์บรรทุกส่วนบุคคล,FOTON,BJ1045V8JD3-FA,1
2569,มกราคม,รถยนต์บรรทุกส่วนบุคคล,FOTON,BJ1045V9JD4-R1,11
2569,มกราคม,รถยนต์บรรทุกส่วนบุคคล,FOTON,eTUNLAND,1
2569,มกราคม,รถยนต์บรรทุกส่วนบุคคล,HINO,FG8JJ1A-JJT,1
2569,มกราคม,รถยนต์บรรทุกส่วนบุคคล,HINO,FM2PN1D-XHT,1
2569,มกราคม,รถยนต์บรรทุกส่วนบุคคล,HINO,FM8JN1D-SGT,1
2569,มกราคม,รถยนต์บรรทุกส่วนบุคคล,HINO,XZU600R-WKMLST3,29
2569,มกราคม,รถยนต์บรรทุกส่วนบุคคล,HINO,XZU600R-WKTLST3,1
2569,มกราคม,รถยนต์บรรทุกส่วนบุคคล,HONDA,ACTY TRUCK,1
2569,มกราคม,รถยนต์บรรทุกส่วนบุคคล,ISUZU,D-MAX,2137
2569,มกราคม,รถยนต์บรรทุกส่วนบุคคล,ISUZU,D-MAX New Style,1
2569,มกราคม,รถยนต์บรรทุกส่วนบุคคล,ISUZU,FRR90HNXFB,1
2569,มกราคม,รถยนต์บรรทุกส่วนบุคคล,ISUZU,FTR34JXXXB,12
2569,มกราคม,รถยนต์บรรทุกส่วนบุคคล,ISUZU,FTR34LXXXB,10
2569,มกราคม,รถยนต์บรรทุกส่วนบุคคล,ISUZU,FVZ34QXDXB,4
2569,มกราคม,รถยนต์บรรทุกส่วนบุคคล,ISUZU,FVZ60QXDFB,2
2569,มกราคม,รถยนต์บรรทุกส่วนบุคคล,ISUZU,FXZ77QXDFB,1
2569,มกราคม,รถยนต์บรรทุกส่วนบุคคล,ISUZU,NLR85EXSXB,10
2569,มกราคม,รถยนต์บรรทุกส่วนบุคคล,ISUZU,NLR85EXXXB,89
2569,มกราคม,รถยนต์บรรทุกส่วนบุคคล,ISUZU,NLR85EXXXU,1
2569,มกราคม,รถยนต์บรรทุกส่วนบุคคล,ISUZU,NMR85HXXFB,1
2569,มกราคม,รถยนต์บรรทุกส่วนบุคคล,ISUZU,NPR75KXXXB,3
2569,มกราคม,รถยนต์บรรทุกส่วนบุคคล,JAC,HFC1040EV3,4
2569,มกราคม,รถยนต์บรรทุกส่วนบุคคล,MAZDA,MAZDA BT-50,1
2569,มกราคม,รถยนต์บรรทุกส่วนบุคคล,MERCEDES BENZ,SPRINTER 319 CDI,1
2569,มกราคม,รถยนต์บรรทุกส่วนบุคคล,MG,MG EXTENDER,11
2569,มกราคม,รถยนต์บรรทุกส่วนบุคคล,MINE MOBILITY,MTS-MT30,31
2569,มกราคม,รถยนต์บรรทุกส่วนบุคคล,MITSUBISHI,LB2TCLDJCRU (ยกเลิก),1
2569,มกราคม,รถยนต์บรรทุกส่วนบุคคล,MITSUBISHI,TRITON,286
2569,มกราคม,รถยนต์บรรทุกส่วนบุคคล,NEXTEM,ORCA,2
2569,มกราคม,รถยนต์บรรทุกส่วนบุคคล,NISSAN,NAVARA,47
2569,มกราคม,รถยนต์บรรทุกส่วนบุคคล,SOKON,EC35,2
2569,มกราคม,รถยนต์บรรทุกส่วนบุคคล,SUZUKI,CARRY 1.5L MT,42
2569,มกราคม,รถยนต์บรรทุกส่วนบุคคล,TOYOTA,COMMUTER,2
2569,มกราคม,รถยนต์บรรทุกส่วนบุคคล,TOYOTA,HIACE,15
2569,มกราคม,รถยนต์บรรทุกส่วนบุคคล,TOYOTA,HILUX CHAMP,504
2569,มกราคม,รถยนต์บรรทุกส่วนบุคคล,TOYOTA,HILUX REVO,2314
2569,มกราคม,รถยนต์บรรทุกส่วนบุคคล,TOYOTA,HILUX TRAVO,639
2569,มกราคม,รถยนต์บรรทุกส่วนบุคคล,UD TRUCKS,CWE08N43R280CSS9,1
2569,มกราคม,รถยนต์บรรทุกส่วนบุคคล,UD TRUCKS,PKE250CELRM,1
2569,มกราคม,รถยนต์บรรทุกส่วนบุคคล,YUCHAI,NZ5162GSS,1
2569,มกราคม,รถยนต์สามล้อส่วนบุคคล,BIZ NEX,NEX2.0,1
2569,มกราคม,รถยนต์สามล้อส่วนบุคคล,STRON,CG1-C01-WT,1
2569,มกราคม,รถยนต์สามล้อส่วนบุคคล,SUMOTA,,6
2569,มกราคม,รถยนต์รับจ้างบรรทุกคนโดยสารไม่เกิน 7 คน,AION,AION ES,185
2569,มกราคม,รถยนต์รับจ้างบรรทุกคนโดยสารไม่เกิน 7 คน,AION,AION Y PLUS,460
2569,มกราคม,รถยนต์รับจ้างบรรทุกคนโดยสารไม่เกิน 7 คน,AION,AION Y PLUS 490 PREMIUM,444
2569,มกราคม,รถยนต์รับจ้างบรรทุกคนโดยสารไม่เกิน 7 คน,BYD,BYD M6 DYNAMIC,3
2569,มกราคม,รถยนต์รับจ้างบรรทุกคนโดยสารไม่เกิน 7 คน,BYD,E6,61
2569,มกราคม,รถยนต์รับจ้างบรรทุกคนโดยสารไม่เกิน 7 คน,JUNEYAO,JY AIR Standard,1
2569,มกราคม,รถยนต์รับจ้างบรรทุกคนโดยสารไม่เกิน 7 คน,MG,EP,520
2569,มกราคม,รถยนต์รับจ้างบรรทุกคนโดยสารไม่เกิน 7 คน,MITSUBISHI,XPANDER CROSS HEV,1
2569,มกราคม,รถยนต์รับจ้างบรรทุกคนโดยสารไม่เกิน 7 คน,TOYOTA,COROLLA,47
2569,มกราคม,รถยนต์รับจ้างบรรทุกคนโดยสารไม่เกิน 7 คน,TOYOTA,FORTUNER,2
2569,มกราคม,รถยนต์บริการธุรกิจ,JAECOO,5 EV Long Range Max,10
2569,มกราคม,รถยนต์บริการธุรกิจ,MITSUBISHI,XPANDER HEV,1
2569,มกราคม,รถยนต์บริการธุรกิจ,TOYOTA,CAMRY,1
2569,มกราคม,รถยนต์บริการธุรกิจ,TOYOTA,COROLLA,8
2569,มกราคม,รถยนต์บริการทัศนาจร,AION,AION UT 420 STANDARD,1
2569,มกราคม,รถยนต์บริการทัศนาจร,DEEPAL,L07,1
2569,มกราคม,รถยนต์บริการทัศนาจร,DEEPAL,S07,1
2569,มกราคม,รถยนต์บริการทัศนาจร,ISUZU,MU-X,3
2569,มกราคม,รถยนต์บริการทัศนาจร,MG,EP,2
2569,มกราคม,รถยนต์บริการทัศนาจร,MG,MG4 ELECTRIC,2
2569,มกราคม,รถยนต์บริการทัศนาจร,MG,S5 EV,2
2569,มกราคม,รถยนต์บริการทัศนาจร,MITSUBISHI,XPANDER CROSS HEV,1
2569,มกราคม,รถยนต์บริการทัศนาจร,TOYOTA,ALPHARD 2.5 HYBRID Z,2
2569,มกราคม,รถยนต์บริการทัศนาจร,TOYOTA,CAMRY,3
2569,มกราคม,รถยนต์บริการทัศนาจร,TOYOTA,FORTUNER,8
2569,มกราคม,รถจักรยานยนต์,AJ,BEATS,63
2569,มกราคม,รถจักรยานยนต์,AJ,C-LIKE,16
2569,มกราคม,รถจักรยานยนต์,AJ,C-LION,26
2569,มกราคม,รถจักรยานยนต์,AJ,GODDESS,187
2569,มกราคม,รถจักรยานยนต์,AJ,MINE PLUS,1
2569,มกราคม,รถจักรยานยนต์,AJ,Q5,1
2569,มกราคม,รถจักรยานยนต์,AJ,RAYMAN,1
2569,มกราคม,รถจักรยานยนต์,AJ,TAURUS,110
2569,มกราคม,รถจักรยานยนต์,ALPHA VOLANTIS,HORIZON 150A,2
2569,มกราคม,รถจักรยานยนต์,ALPHA VOLANTIS,HORIZON 300A,8
2569,มกราคม,รถจักรยานยนต์,APRILIA,SR GT 200,15
2569,มกราคม,รถจักรยานยนต์,APRILIA,SR GT 200 SPORT,19
2569,มกราคม,รถจักรยานยนต์,ARIIC,GEMMA 125,1
2569,มกราคม,รถจักรยานยนต์,BAJAJ,Dominar D 400,1
2569,มกราคม,รถจักรยานยนต์,BENELLI,502C,1
2569,มกราคม,รถจักรยานยนต์,BENELLI,TRK251,2
2569,มกราคม,รถจักรยานยนต์,BMW,C 400 GT,4
2569,มกราคม,รถจักรยานยนต์,BMW,CE 02,3
2569,มกราคม,รถจักรยานยนต์,BMW,F 850 GS,1
2569,มกราคม,รถจักรยานยนต์,BMW,F 900 GS,2
2569,มกราคม,รถจักรยานยนต์,BMW,F 900 GS Adventure,2
2569,มกราคม,รถจักรยานยนต์,BMW,F 900 R,1
2569,มกราคม,รถจักรยานยนต์,BMW,G 310 R,1
2569,มกราคม,รถจักรยานยนต์,BMW,K 1600 B,1
2569,มกราคม,รถจักรยานยนต์,BMW,R 12,1
2569,มกราคม,รถจักรยานยนต์,BMW,R 12 nineT,1
2569,มกราคม,รถจักรยานยนต์,BMW,R 12 S,2
2569,มกราคม,รถจักรยานยนต์,BMW,R 1200 GS ADVENTURE,1
2569,มกราคม,รถจักรยานยนต์,BMW,R 1250 GS Adventure,1
2569,มกราคม,รถจักรยานยนต์,BMW,R 1250 RT,2
2569,มกราคม,รถจักรยานยนต์,BMW,R 1300 GS,14
2569,มกราคม,รถจักรยานยนต์,BMW,R 1300 GS Adventure,30
2569,มกราคม,รถจักรยานยนต์,BMW,R 1300 RT,4
2569,มกราคม,รถจักรยานยนต์,BMW,R 18,1
2569,มกราคม,รถจักรยานยนต์,BMW,R 18 B,1
2569,มกราคม,รถจักรยานยนต์,BMW,R 18 Roctane,2
2569,มกราคม,รถจักรยานยนต์,BMW,R nineT Scrambler US,1
2569,มกราคม,รถจักรยานยนต์,BMW,R18,1
2569,มกราคม,รถจักรยานยนต์,BMW,R18 B,1
2569,มกราคม,รถจักรยานยนต์,BMW,S 1000 RR,6
2569,มกราคม,รถจักรยานยนต์,CYCLONE,MINI PANDA,10
2569,มกราคม,รถจักรยานยนต์,CYCLONE,RA401,2
2569,มกราคม,รถจักรยานยนต์,CYCLONE,RT1,2
2569,มกราคม,รถจักรยานยนต์,DECO,Bello,4
2569,มกราคม,รถจักรยานยนต์,DECO,CJDS60,6
2569,มกราคม,รถจักรยานยนต์,DECO,DOUBLEACE,3
2569,มกราคม,รถจักรยานยนต์,DECO,DX30,10
2569,มกราคม,รถจักรยานยนต์,DECO,G-FIVE,6
2569,มกราคม,รถจักรยานยนต์,DECO,Hannah,13
2569,มกราคม,รถจักรยานยนต์,DECO,Lanzo,43
2569,มกราคม,รถจักรยานยนต์,DECO,Luciano,12
2569,มกราคม,รถจักรยานยนต์,DECO,Purra,46
2569,มกราคม,รถจักรยานยนต์,DECO,S45,7
2569,มกราคม,รถจักรยานยนต์,DECO,Super Ace,4
2569,มกราคม,รถจักรยานยนต์,DECO,SUSU,4
2569,มกราคม,รถจักรยานยนต์,DECO,VIGOR,4
2569,มกราคม,รถจักรยานยนต์,DUCATI,Desert X,1
2569,มกราคม,รถจักรยานยนต์,DUCATI,HYPERMOTARD 950 SP,1
2569,มกราคม,รถจักรยานยนต์,DUCATI,MONSTER,1
2569,มกราคม,รถจักรยานยนต์,DUCATI,Multistrada V2,4
2569,มกราคม,รถจักรยานยนต์,DUCATI,MULTISTRADA V2 S,3
2569,มกราคม,รถจักรยานยนต์,DUCATI,PANIGALE V2 S,1
2569,มกราคม,รถจักรยานยนต์,DUCATI,SCRAMBLER ICON DARK,1
2569,มกราคม,รถจักรยานยนต์,DUCATI,STREETFIGHTER V4 S,1
2569,มกราคม,รถจักรยานยนต์,ECOOTER,ELONE2,2
2569,มกราคม,รถจักรยานยนต์,EM,ENZO,86
2569,มกราคม,รถจักรยานยนต์,EM,LEGEND,190
2569,มกราคม,รถจักรยานยนต์,EM,LEGEND PRO,199
2569,มกราคม,รถจักรยานยนต์,EM,MILANO,112
2569,มกราคม,รถจักรยานยนต์,EM,OWEN,82
2569,มกราคม,รถจักรยานยนต์,EM,QAREZ,188
2569,มกราคม,รถจักรยานยนต์,FELQ,FW03,9
2569,มกราคม,รถจักรยานยนต์,FELQ,FW07 SPORT,2
2569,มกราคม,รถจักรยานยนต์,GPX,DEMON GR200R,1
2569,มกราคม,รถจักรยานยนต์,GPX,DEMON GR200RDACORSA2,12
2569,มกราคม,รถจักรยานยนต์,GPX,DEMON-150GN,1
2569,มกราคม,รถจักรยานยนต์,GPX,DEMON-X,1
2569,มกราคม,รถจักรยานยนต์,GPX,DRONE KEYLESS,23
2569,มกราคม,รถจักรยานยนต์,GPX,DRONE KEYLESS-S,16
2569,มกราคม,รถจักรยานยนต์,GPX,DRONE STANDARD,3
2569,มกราคม,รถจักรยานยนต์,GPX,DZ2,162
2569,มกราคม,รถจักรยานยนต์,GPX,DZ3,16
2569,มกราคม,รถจักรยานยนต์,GPX,DZ3 Sport,222
2569,มกราคม,รถจักรยานยนต์,GPX,LEGEND-GENTLEMAN,1
2569,มกราคม,รถจักรยานยนต์,GPX,LEGEND150,1
2569,มกราคม,รถจักรยานยนต์,GPX,LEGEND200-A3,1
2569,มกราคม,รถจักรยานยนต์,GPX,LEGEND250 TWIN II,2
2569,มกราคม,รถจักรยานยนต์,GPX,LEGEND250 TWIN III,5
2569,มกราคม,รถจักรยานยนต์,GPX,MAD300 MAX,1
2569,มกราคม,รถจักรยานยนต์,GPX,POPZ 110,17
2569,มกราคม,รถจักรยานยนต์,GPX,ROCK Classic,10
2569,มกราคม,รถจักรยานยนต์,GPX,ROCK Elegance,1
2569,มกราคม,รถจักรยานยนต์,GPX,Tuscany150 Keyless,47
2569,มกราคม,รถจักรยานยนต์,GPX,Tuscany150 Keyset,2
2569,มกราคม,รถจักรยานยนต์,HAONAIQI,LION-Q1 SMART,5
2569,มกราคม,รถจักรยานยนต์,HAONAIQI,LION-Q2,2
2569,มกราคม,รถจักรยานยนต์,HARLEY DAVIDSON,FLFB,5
2569,มกราคม,รถจักรยานยนต์,HARLEY DAVIDSON,FLFBS,4
2569,มกราคม,รถจักรยานยนต์,HARLEY DAVIDSON,FLHCS,1
2569,มกราคม,รถจักรยานยนต์,HARLEY DAVIDSON,FLHRXS,2
2569,มกราคม,รถจักรยานยนต์,HARLEY DAVIDSON,FLHX,21
2569,มกราคม,รถจักรยานยนต์,HARLEY DAVIDSON,FLHXU,1
2569,มกราคม,รถจักรยานยนต์,HARLEY DAVIDSON,FLSB,1
2569,มกราคม,รถจักรยานยนต์,HARLEY DAVIDSON,FLTRX,29
2569,มกราคม,รถจักรยานยนต์,HARLEY DAVIDSON,FLTRXSE,4
2569,มกราคม,รถจักรยานยนต์,HARLEY DAVIDSON,FLTRXSTSE,1
2569,มกราคม,รถจักรยานยนต์,HARLEY DAVIDSON,FXBB,4
2569,มกราคม,รถจักรยานยนต์,HARLEY DAVIDSON,FXBBS,3
2569,มกราคม,รถจักรยานยนต์,HARLEY DAVIDSON,FXBR,2
2569,มกราคม,รถจักรยานยนต์,HARLEY DAVIDSON,FXD,1
2569,มกราคม,รถจักรยานยนต์,HARLEY DAVIDSON,FXFBS,2
2569,มกราคม,รถจักรยานยนต์,HARLEY DAVIDSON,FXLRS,2
2569,มกราคม,รถจักรยานยนต์,HARLEY DAVIDSON,FXLRST,21
2569,มกราคม,รถจักรยานยนต์,HARLEY DAVIDSON,FXRS,3
2569,มกราคม,รถจักรยานยนต์,HARLEY DAVIDSON,FXST,10
2569,มกราคม,รถจักรยานยนต์,HARLEY DAVIDSON,RA1250S,2
2569,มกราคม,รถจักรยานยนต์,HARLEY DAVIDSON,RH1250S,4
2569,มกราคม,รถจักรยานยนต์,HARLEY DAVIDSON,RH975S,2
2569,มกราคม,รถจักรยานยนต์,HARLEY DAVIDSON,ROAD GLIDE,1
2569,มกราคม,รถจักรยานยนต์,HARLEY DAVIDSON,ROAD GLIDE CVO ST,1
2569,มกราคม,รถจักรยานยนต์,HARLEY DAVIDSON,SPRINGER SOFTAIL,1
2569,มกราคม,รถจักรยานยนต์,HONDA,ADV160,1223
2569,มกราคม,รถจักรยานยนต์,HONDA,ADV350,673
2569,มกราคม,รถจักรยานยนต์,HONDA,C125,121
2569,มกราคม,รถจักรยานยนต์,HONDA,CB1300 SUPER FOUR,2
2569,มกราคม,รถจักรยานยนต์,HONDA,CB150R,19
2569,มกราคม,รถจักรยานยนต์,HONDA,CB300R,7
2569,มกราคม,รถจักรยานยนต์,HONDA,CB650R,17
2569,มกราคม,รถจักรยานยนต์,HONDA,CB750 HORNET,1
2569,มกราคม,รถจักรยานยนต์,HONDA,CBR1000RR-R SP,2
2569,มกราคม,รถจักรยานยนต์,HONDA,CBR150R,82
2569,มกราคม,รถจักรยานยนต์,HONDA,CBR300R,1
2569,มกราคม,รถจักรยานยนต์,HONDA,CBR300RA,9
2569,มกราคม,รถจักรยานยนต์,HONDA,CBR500R,17
2569,มกราคม,รถจักรยานยนต์,HONDA,CBR600RR,1
2569,มกราคม,รถจักรยานยนต์,HONDA,CBR650R,24
2569,มกราคม,รถจักรยานยนต์,HONDA,CL300,21
2569,มกราคม,รถจักรยานยนต์,HONDA,CL500,13
2569,มกราคม,รถจักรยานยนต์,HONDA,CLICK,1
2569,มกราคม,รถจักรยานยนต์,HONDA,CLICK I,1
2569,มกราคม,รถจักรยานยนต์,HONDA,CLICK125,1859
2569,มกราคม,รถจักรยานยนต์,HONDA,CLICK125I,1
2569,มกราคม,รถจักรยานยนต์,HONDA,CLICK160,5848
2569,มกราคม,รถจักรยานยนต์,HONDA,CRF1100A,1
2569,มกราคม,รถจักรยานยนต์,HONDA,CRF1100D4,3
2569,มกราคม,รถจักรยานยนต์,HONDA,CRF1100L AFRICA TWIN,15
2569,มกราคม,รถจักรยานยนต์,HONDA,CRF300L,419
2569,มกราคม,รถจักรยานยนต์,HONDA,CRF300RALLY,39
2569,มกราคม,รถจักรยานยนต์,HONDA,CT125,239
2569,มกราคม,รถจักรยานยนต์,HONDA,DAX125,75
2569,มกราคม,รถจักรยานยนต์,HONDA,FORZA,1
2569,มกราคม,รถจักรยานยนต์,HONDA,FORZA350,3628
2569,มกราคม,รถจักรยานยนต์,HONDA,FORZA750,61
2569,มกราคม,รถจักรยานยนต์,HONDA,GIORNO +,7
2569,มกราคม,รถจักรยานยนต์,HONDA,GIORNO+,21445
2569,มกราคม,รถจักรยานยนต์,HONDA,GROM,16
2569,มกราคม,รถจักรยานยนต์,HONDA,LEAD125,7683
2569,มกราคม,รถจักรยานยนต์,HONDA,MONKEY,190
2569,มกราคม,รถจักรยานยนต์,HONDA,MSX125SF,1
2569,มกราคม,รถจักรยานยนต์,HONDA,NC750X,5
2569,มกราคม,รถจักรยานยนต์,HONDA,NX500,132
2569,มกราคม,รถจักรยานยนต์,HONDA,PCX150,1
2569,มกราคม,รถจักรยานยนต์,HONDA,PCX160,12717
2569,มกราคม,รถจักรยานยนต์,HONDA,rebel1100,4
2569,มกราคม,รถจักรยานยนต์,HONDA,rebel300,65
2569,มกราคม,รถจักรยานยนต์,HONDA,rebel500,56
2569,มกราคม,รถจักรยานยนต์,HONDA,REBEL,3
2569,มกราคม,รถจักรยานยนต์,HONDA,SCOOPY,13364
2569,มกราคม,รถจักรยานยนต์,HONDA,SCOOPY I,3
2569,มกราคม,รถจักรยานยนต์,HONDA,SUPER CUB,1208
2569,มกราคม,รถจักรยานยนต์,HONDA,WAVE110,3400
2569,มกราคม,รถจักรยานยนต์,HONDA,WAVE110I,27766
2569,มกราคม,รถจักรยานยนต์,HONDA,WAVE125,21622
2569,มกราคม,รถจักรยานยนต์,HONDA,WAVE125I,1111
2569,มกราคม,รถจักรยานยนต์,HONDA,X-ADV,130
2569,มกราคม,รถจักรยานยนต์,HONDA,XL750 TRANSALP,10
2569,มกราคม,รถจักรยานยนต์,HONDA,ZOOMER-X,1
2569,มกราคม,รถจักรยานยนต์,HUSQVARNA,NORDEN 901,5
2569,มกราคม,รถจักรยานยนต์,HUSQVARNA,SVARTPILEN 401,2
2569,มกราคม,รถจักรยานยนต์,I-MOTOR,BREEZE,53
2569,มกราคม,รถจักรยานยนต์,I-MOTOR,THUNDER,36
2569,มกราคม,รถจักรยานยนต์,I-MOTOR,VAPOR,63
2569,มกราคม,รถจักรยานยนต์,INDIAN MOTORCYCLE,SCOUT BOBBER,3
2569,มกราคม,รถจักรยานยนต์,INDIAN MOTORCYCLE,SCOUT BOBBER LIMITED + TECH,1
2569,มกราคม,รถจักรยานยนต์,ITALJET,DRAGSTER 300,7
2569,มกราคม,รถจักรยานยนต์,KAVALLO,EASY WATT,39
2569,มกราคม,รถจักรยานยนต์,KAVALLO,MINI SCOOTER,1
2569,มกราคม,รถจักรยานยนต์,KAVALLO,VESPAL,47
2569,มกราคม,รถจักรยานยนต์,KAWASAKI,ELIMINATOR 400,4
2569,มกราคม,รถจักรยานยนต์,KAWASAKI,ELIMINATOR 400 SE,3
2569,มกราคม,รถจักรยานยนต์,KAWASAKI,KAZE125,1
2569,มกราคม,รถจักรยานยนต์,KAWASAKI,KLR650 ABS,1
2569,มกราคม,รถจักรยานยนต์,KAWASAKI,KLX230,7
2569,มกราคม,รถจักรยานยนต์,KAWASAKI,KLX230 SE,30
2569,มกราคม,รถจักรยานยนต์,KAWASAKI,KLX230 SHERPA,10
2569,มกราคม,รถจักรยานยนต์,KAWASAKI,KLX230SM SE,2
2569,มกราคม,รถจักรยานยนต์,KAWASAKI,KSR,3
2569,มกราคม,รถจักรยานยนต์,KAWASAKI,MEGURO K3,4
2569,มกราคม,รถจักรยานยนต์,KAWASAKI,MEGURO S1,12
2569,มกราคม,รถจักรยานยนต์,KAWASAKI,NINJA 500 SE,4
2569,มกราคม,รถจักรยานยนต์,KAWASAKI,NINJA ZX-4R,4
2569,มกราคม,รถจักรยานยนต์,KAWASAKI,NINJA ZX-4R SE,6
2569,มกราคม,รถจักรยานยนต์,KAWASAKI,NINJA ZX-6R,3
2569,มกราคม,รถจักรยานยนต์,KAWASAKI,NINJA400,1
2569,มกราคม,รถจักรยานยนต์,KAWASAKI,VERSYS 650,37
2569,มกราคม,รถจักรยานยนต์,KAWASAKI,VULCAN S,4
2569,มกราคม,รถจักรยานยนต์,KAWASAKI,W230,21
2569,มกราคม,รถจักรยานยนต์,KAWASAKI,W800,2
2569,มกราคม,รถจักรยานยนต์,KAWASAKI,Z400 ABS,1
2569,มกราคม,รถจักรยานยนต์,KAWASAKI,Z500 SE,1
2569,มกราคม,รถจักรยานยนต์,KAWASAKI,Z900,7
2569,มกราคม,รถจักรยานยนต์,KAWASAKI,Z900 ABS,1
2569,มกราคม,รถจักรยานยนต์,KAWASAKI,Z900 ABS SE,1
2569,มกราคม,รถจักรยานยนต์,KAWASAKI,Z900 SPECIAL,1
2569,มกราคม,รถจักรยานยนต์,KEEWAY,SHINY 150,12
2569,มกราคม,รถจักรยานยนต์,KEEWAY,V302C,3
2569,มกราคม,รถจักรยานยนต์,KEEWAY,VERSIRIA 150,11
2569,มกราคม,รถจักรยานยนต์,KEEWAY,VICTORIA 200,4
2569,มกราคม,รถจักรยานยนต์,KTM,200 DUKE,1
2569,มกราคม,รถจักรยานยนต์,KTM,350 EXC-F SIX DAYS,1
2569,มกราคม,รถจักรยานยนต์,KTM,390 ADVENTURE,6
2569,มกราคม,รถจักรยานยนต์,KTM,390 DUKE,1
2569,มกราคม,รถจักรยานยนต์,KTM,790 ADVENTURE R,1
2569,มกราคม,รถจักรยานยนต์,KTM,890 DUKE R,2
2569,มกราคม,รถจักรยานยนต์,KTM,RC390,1
2569,มกราคม,รถจักรยานยนต์,KYMCO,S7 Keyless CBS,20
2569,มกราคม,รถจักรยานยนต์,LAMBRETTA,G350,26
2569,มกราคม,รถจักรยานยนต์,LAMBRETTA,V200 GP,40
2569,มกราคม,รถจักรยานยนต์,LAMBRETTA,V200 Special Flex,16
2569,มกราคม,รถจักรยานยนต์,LAMBRETTA,X200,43
2569,มกราคม,รถจักรยานยนต์,LAMBRETTA,X300,25
2569,มกราคม,รถจักรยานยนต์,LAMBRETTA,X300 2025,200
2569,มกราคม,รถจักรยานยนต์,LAMBRETTA,X300 GT,74
2569,มกราคม,รถจักรยานยนต์,LIFAN,LF125-5F,4
2569,มกราคม,รถจักรยานยนต์,LION,ALPHA EV,2
2569,มกราคม,รถจักรยานยนต์,LION,SKS Z2,71
2569,มกราคม,รถจักรยานยนต์,M BIKE,LC-125,1
2569,มกราคม,รถจักรยานยนต์,MALAGUTI,MADISON,10
2569,มกราคม,รถจักรยานยนต์,MODYAK,MY2,74
2569,มกราคม,รถจักรยานยนต์,MODYAK,MY6,1047
2569,มกราคม,รถจักรยานยนต์,MODYAK,MY7,61
2569,มกราคม,รถจักรยานยนต์,NUVOLA X,BIKE2,3
2569,มกราคม,รถจักรยานยนต์,NUVOLA X,NUVOLA X T1,4
2569,มกราคม,รถจักรยานยนต์,NUVOLA X,NUVOLA X T2,6
2569,มกราคม,รถจักรยานยนต์,PHOENIX ENGINEERING,GUNNER 100,5
2569,มกราคม,รถจักรยานยนต์,PIAGGIO,MEDLEY 150 ABS,6
2569,มกราคม,รถจักรยานยนต์,RAPID,SR09,16
2569,มกราคม,รถจักรยานยนต์,RAPID,SR108,102
2569,มกราคม,รถจักรยานยนต์,ROYAL ALLOY,Grand Prix,7
2569,มกราคม,รถจักรยานยนต์,ROYAL ALLOY,Grand Prix TV175,1
2569,มกราคม,รถจักรยานยนต์,ROYAL ALLOY,GT150,30
2569,มกราคม,รถจักรยานยนต์,ROYAL ALLOY,Tigara Grande,3
2569,มกราคม,รถจักรยานยนต์,ROYAL ENFIELD,BULLET 350,26
2569,มกราคม,รถจักรยานยนต์,ROYAL ENFIELD,CLASSIC 350,80
2569,มกราคม,รถจักรยานยนต์,ROYAL ENFIELD,CLASSIC 650,41
2569,มกราคม,รถจักรยานยนต์,ROYAL ENFIELD,CONTINENTAL GT 650,1
2569,มกราคม,รถจักรยานยนต์,ROYAL ENFIELD,GUERRILLA 450,13
2569,มกราคม,รถจักรยานยนต์,ROYAL ENFIELD,HIMALAYAN 452,15
2569,มกราคม,รถจักรยานยนต์,ROYAL ENFIELD,HUNTER 350,46
2569,มกราคม,รถจักรยานยนต์,ROYAL ENFIELD,INTERCEPTOR 650,32
2569,มกราคม,รถจักรยานยนต์,ROYAL ENFIELD,INTERCEPTOR BEAR 650,19
2569,มกราคม,รถจักรยานยนต์,ROYAL ENFIELD,METEOR 350,9
2569,มกราคม,รถจักรยานยนต์,ROYAL ENFIELD,METEOR 350 FIREBALL,2
2569,มกราคม,รถจักรยานยนต์,ROYAL ENFIELD,METEOR 350 STELLAR,5
2569,มกราคม,รถจักรยานยนต์,ROYAL ENFIELD,METEOR 350 SUPERNOVA,2
2569,มกราคม,รถจักรยานยนต์,ROYAL ENFIELD,SHOTGUN 650,14
2569,มกราคม,รถจักรยานยนต์,ROYAL ENFIELD,SUPER METEOR 650,21
2569,มกราคม,รถจักรยานยนต์,RYUKA,CHARLY,2
2569,มกราคม,รถจักรยานยนต์,RYUKA,CLASSIC FI,165
2569,มกราคม,รถจักรยานยนต์,RYUKA,GORILLA,1
2569,มกราคม,รถจักรยานยนต์,RYUKA,Retro150,1
2569,มกราคม,รถจักรยานยนต์,RYUKA,RK150,1
2569,มกราคม,รถจักรยานยนต์,RYUKA,RK250,2
2569,มกราคม,รถจักรยานยนต์,RYUKA,SAVE-II S FI,29
2569,มกราคม,รถจักรยานยนต์,SAGASONIC,SAGASONIC001Q,2
2569,มกราคม,รถจักรยานยนต์,SAGASONIC,SAGASONIC002Q,6
2569,มกราคม,รถจักรยานยนต์,SCOMADI,TECHNICA 200i,2
2569,มกราคม,รถจักรยานยนต์,SCOMADI,TURISMO ELECTRONICA,1
2569,มกราคม,รถจักรยานยนต์,SCOMADI,TURISMO PICCOLO 125i,1
2569,มกราคม,รถจักรยานยนต์,SCOMADI,TURISMO TECHNICA 125I,1
2569,มกราคม,รถจักรยานยนต์,SLEEK,SLEEK ONE,16
2569,มกราคม,รถจักรยานยนต์,SLEEK,SLEEK PLAY,85
2569,มกราคม,รถจักรยานยนต์,SLEEK,TYPE E,35
2569,มกราคม,รถจักรยานยนต์,SLEEK,TYPE S,48
2569,มกราคม,รถจักรยานยนต์,SLEEK,TYPE X,35
2569,มกราคม,รถจักรยานยนต์,SOLAR,GROOVE 125A,8
2569,มกราคม,รถจักรยานยนต์,SOLAR,GROOVE CROSS 125A,4
2569,มกราคม,รถจักรยานยนต์,SOLAR,PROUD 125A,6
2569,มกราคม,รถจักรยานยนต์,STALLIONS,CENTAUR SIAM,1
2569,มกราคม,รถจักรยานยนต์,STROM,GORILLA GRL-200L,1
2569,มกราคม,รถจักรยานยนต์,STROM,GORILLA GRL-300L,4
2569,มกราคม,รถจักรยานยนต์,STROM,GORILLA GRL-312L,27
2569,มกราคม,รถจักรยานยนต์,SUNRA,FUTURE 2500,5
2569,มกราคม,รถจักรยานยนต์,SUNRA,MIKU SUPER,1
2569,มกราคม,รถจักรยานยนต์,SUZUKI,Address,1
2569,มกราคม,รถจักรยานยนต์,SUZUKI,AVENIS,6
2569,มกราคม,รถจักรยานยนต์,SUZUKI,BURGMAN 400,23
2569,มกราคม,รถจักรยานยนต์,SUZUKI,BURGMAN STREET EX,35
2569,มกราคม,รถจักรยานยนต์,SUZUKI,FU150SCD3,2
2569,มกราคม,รถจักรยานยนต์,SUZUKI,FV115JA,6
2569,มกราคม,รถจักรยานยนต์,SUZUKI,FV115LA,7
2569,มกราคม,รถจักรยานยนต์,SUZUKI,FV115LB,27
2569,มกราคม,รถจักรยานยนต์,SUZUKI,FV115LE,62
2569,มกราคม,รถจักรยานยนต์,SUZUKI,GD110,1
2569,มกราคม,รถจักรยานยนต์,SUZUKI,GSX-8R,1
2569,มกราคม,รถจักรยานยนต์,SUZUKI,GSX-8S,6
2569,มกราคม,รถจักรยานยนต์,SUZUKI,GSX-R150,2
2569,มกราคม,รถจักรยานยนต์,SUZUKI,GSX-S150,2
2569,มกราคม,รถจักรยานยนต์,SUZUKI,Let's,1
2569,มกราคม,รถจักรยานยนต์,SUZUKI,NEX CROSSOVER,14
2569,มกราคม,รถจักรยานยนต์,SUZUKI,RAIDER,2
2569,มกราคม,รถจักรยานยนต์,SUZUKI,RAIDER J CROSSOVER,46
2569,มกราคม,รถจักรยานยนต์,SUZUKI,UW125S,1
2569,มกราคม,รถจักรยานยนต์,SUZUKI,V-Strom,1
2569,มกราคม,รถจักรยานยนต์,SUZUKI,V-STROM800DE,15
2569,มกราคม,รถจักรยานยนต์,SYM,JL200GY-2C,1
2569,มกราคม,รถจักรยานยนต์,SYM,LC-125,6
2569,มกราคม,รถจักรยานยนต์,THOMAS,CYSTAL,1
2569,มกราคม,รถจักรยานยนต์,TRIUMPH,BOBBER TFC,4
2569,มกราคม,รถจักรยานยนต์,TRIUMPH,BONNEVILLE BOBBER,1
2569,มกราคม,รถจักรยานยนต์,TRIUMPH,BONNEVILLE T100,8
2569,มกราคม,รถจักรยานยนต์,TRIUMPH,BONNEVILLE T120,8
2569,มกราคม,รถจักรยานยนต์,TRIUMPH,BONNEVILLE T120 BLACK,4
2569,มกราคม,รถจักรยานยนต์,TRIUMPH,DAYTONA 660,5
2569,มกราคม,รถจักรยานยนต์,TRIUMPH,SCRAMBLER 1200 X,1
2569,มกราคม,รถจักรยานยนต์,TRIUMPH,SCRAMBLER 1200 XE,1
2569,มกราคม,รถจักรยานยนต์,TRIUMPH,SCRAMBLER 400 X,25
2569,มกราคม,รถจักรยานยนต์,TRIUMPH,SCRAMBLER 900,1
2569,มกราคม,รถจักรยานยนต์,TRIUMPH,SPEED 400,27
2569,มกราคม,รถจักรยานยนต์,TRIUMPH,SPEED TWIN 1200 RS,1
2569,มกราคม,รถจักรยานยนต์,TRIUMPH,SPEED TWIN 900,12
2569,มกราคม,รถจักรยานยนต์,TRIUMPH,STREET TRIPLE RS,1
2569,มกราคม,รถจักรยานยนต์,TRIUMPH,TIGER 900 GT PRO,1
2569,มกราคม,รถจักรยานยนต์,TRIUMPH,TIGER 900 RALLY PRO,4
2569,มกราคม,รถจักรยานยนต์,TRIUMPH,TIGER SPORT 660,3
2569,มกราคม,รถจักรยานยนต์,TRIUMPH,TRIDENT 660,4
2569,มกราคม,รถจักรยานยนต์,VESPA,946 150 IGET ABS,3
2569,มกราคม,รถจักรยานยนต์,VESPA,GTS 150 IGET ABS,40
2569,มกราคม,รถจักรยานยนต์,VESPA,GTS 300 ABS SUPER,2
2569,มกราคม,รถจักรยานยนต์,VESPA,GTS 300 CLASSIC HPE,3
2569,มกราคม,รถจักรยานยนต์,VESPA,GTS 300 SUPER SPORT HPE,1
2569,มกราคม,รถจักรยานยนต์,VESPA,GTS 300 SUPERTECH HPE,12
2569,มกราคม,รถจักรยานยนต์,VESPA,GTV 300 HPE,28
2569,มกราคม,รถจักรยานยนต์,VESPA,GTV 300 HPE OFFICINA 8,6
2569,มกราคม,รถจักรยานยนต์,VESPA,LX 125 IGET,36
2569,มกราคม,รถจักรยานยนต์,VESPA,LX 150 IGET ABS,375
2569,มกราคม,รถจักรยานยนต์,VESPA,LX125 3V IE,1
2569,มกราคม,รถจักรยานยนต์,VESPA,PRIMAVERA 150 3V IE ABS,1
2569,มกราคม,รถจักรยานยนต์,VESPA,PRIMAVERA 150 IGET ABS,25
2569,มกราคม,รถจักรยานยนต์,VESPA,PRIMAVERA 150 IGET ABS S,20
2569,มกราคม,รถจักรยานยนต์,VESPA,PX 125,1
2569,มกราคม,รถจักรยานยนต์,VESPA,S 125 IGET,48
2569,มกราคม,รถจักรยานยนต์,VESPA,S 150 IGET ABS,506
2569,มกราคม,รถจักรยานยนต์,VESPA,SPRINT 125 3V IE,1
2569,มกราคม,รถจักรยานยนต์,VESPA,SPRINT 125 IGET ABS,52
2569,มกราคม,รถจักรยานยนต์,VESPA,SPRINT 150 3V IE ABS,1
2569,มกราคม,รถจักรยานยนต์,VESPA,SPRINT 150 IGET ABS,118
2569,มกราคม,รถจักรยานยนต์,VESPA,SPRINT 150 IGET ABS S,269
2569,มกราคม,รถจักรยานยนต์,VESPA,SPRINT 150 IGET OFFICINA8,53
2569,มกราคม,รถจักรยานยนต์,VESPA,SPRINT TECH 150,144
2569,มกราคม,รถจักรยานยนต์,YADEA,YADEA ORLA,1
2569,มกราคม,รถจักรยานยนต์,YADEA,YADEA RS20,14
2569,มกราคม,รถจักรยานยนต์,YADEA,YADEA VELAX,3
2569,มกราคม,รถจักรยานยนต์,YADEA,YADEA VOLTGUARD,2
2569,มกราคม,รถจักรยานยนต์,YAMAHA,20B200,1
2569,มกราคม,รถจักรยานยนต์,YAMAHA,2P1200,1
2569,มกราคม,รถจักรยานยนต์,YAMAHA,2P1400,2
2569,มกราคม,รถจักรยานยนต์,YAMAHA,50S300,1
2569,มกราคม,รถจักรยานยนต์,YAMAHA,AEROX,341
2569,มกราคม,รถจักรยานยนต์,YAMAHA,AEROX ABS,22
2569,มกราคม,รถจักรยานยนต์,YAMAHA,CT-115D,1
2569,มกราคม,รถจักรยานยนต์,YAMAHA,EXCITER,135
2569,มกราคม,รถจักรยานยนต์,YAMAHA,Fazzio,150
2569,มกราคม,รถจักรยานยนต์,YAMAHA,FAZZIO,2980
2569,มกราคม,รถจักรยานยนต์,YAMAHA,FINN,2147
2569,มกราคม,รถจักรยานยนต์,YAMAHA,FINO125,6
2569,มกราคม,รถจักรยานยนต์,YAMAHA,GRAND FILANO,9417
2569,มกราคม,รถจักรยานยนต์,YAMAHA,M-SLAZ,1
2569,มกราคม,รถจักรยานยนต์,YAMAHA,Mio 125i,1
2569,มกราคม,รถจักรยานยนต์,YAMAHA,MIO115I,1
2569,มกราคม,รถจักรยานยนต์,YAMAHA,MT-07,11
2569,มกราคม,รถจักรยานยนต์,YAMAHA,MT-09,1
2569,มกราคม,รถจักรยานยนต์,YAMAHA,MT-09 SP,3
2569,มกราคม,รถจักรยานยนต์,YAMAHA,MT-15,9
2569,มกราคม,รถจักรยานยนต์,YAMAHA,NMAX,1067
2569,มกราคม,รถจักรยานยนต์,YAMAHA,NMAX TECH MAX,632
2569,มกราคม,รถจักรยานยนต์,YAMAHA,PG-1,691
2569,มกราคม,รถจักรยานยนต์,YAMAHA,QBIX ABS,1
2569,มกราคม,รถจักรยานยนต์,YAMAHA,QBIX S,1
2569,มกราคม,รถจักรยานยนต์,YAMAHA,R7,9
2569,มกราคม,รถจักรยานยนต์,YAMAHA,Spark Nano,2
2569,มกราคม,รถจักรยานยนต์,YAMAHA,SR400,88
2569,มกราคม,รถจักรยานยนต์,YAMAHA,TENERE700,7
2569,มกราคม,รถจักรยานยนต์,YAMAHA,TMAX TECH MAX,16
2569,มกราคม,รถจักรยานยนต์,YAMAHA,TMAX560,4
2569,มกราคม,รถจักรยานยนต์,YAMAHA,Tricity,1
2569,มกราคม,รถจักรยานยนต์,YAMAHA,TRACER 9 GT,3
2569,มกราคม,รถจักรยานยนต์,YAMAHA,TRACER 9 GT+,2
2569,มกราคม,รถจักรยานยนต์,YAMAHA,WR155R,26
2569,มกราคม,รถจักรยานยนต์,YAMAHA,XMAX,1268
2569,มกราคม,รถจักรยานยนต์,YAMAHA,XMAX 300,1
2569,มกราคม,รถจักรยานยนต์,YAMAHA,XSR155,59
2569,มกราคม,รถจักรยานยนต์,YAMAHA,YZF-R15,75
2569,มกราคม,รถจักรยานยนต์,YAMAHA,YZF-R15M,31
2569,มกราคม,รถจักรยานยนต์,YAMAHA,YZF-R3,3
2569,มกราคม,รถจักรยานยนต์,ZONTES,350E,21
2569,มกราคม,รถจักรยานยนต์,ZONTES,368D,918
2569,มกราคม,รถจักรยานยนต์,ZONTES,368G,605
2569,มกราคม,รถจักรยานยนต์,ZONTES,368K,386
2569,มกราคม,รถจักรยานยนต์,ZONTES,R310,4
2569,มกราคม,รถจักรยานยนต์,ZONTES,X310,1
2569,มกราคม,รถแทร็กเตอร์,ALPHA,AT500,1
2569,มกราคม,รถแทร็กเตอร์,ALPHA,FL904-1,1
2569,มกราคม,รถแทร็กเตอร์,CASE,A8800,4
2569,มกราคม,รถแทร็กเตอร์,CASE IH,A8800,1
2569,มกราคม,รถแทร็กเตอร์,CATERPILLAR,140,1
2569,มกราคม,รถแทร็กเตอร์,CATERPILLAR,140G,1
2569,มกราคม,รถแทร็กเตอร์,CATERPILLAR,140H,8
2569,มกราคม,รถแทร็กเตอร์,CATERPILLAR,160H,1
2569,มกราคม,รถแทร็กเตอร์,CATERPILLAR,303.5CR,3
2569,มกราคม,รถแทร็กเตอร์,CATERPILLAR,311DRR,1
2569,มกราคม,รถแทร็กเตอร์,CATERPILLAR,312D,5
2569,มกราคม,รถแทร็กเตอร์,CATERPILLAR,313D2GC,1
2569,มกราคม,รถแทร็กเตอร์,CATERPILLAR,320,1
2569,มกราคม,รถแทร็กเตอร์,CATERPILLAR,320D GC,1
2569,มกราคม,รถแทร็กเตอร์,CATERPILLAR,320D2,1
2569,มกราคม,รถแทร็กเตอร์,CATERPILLAR,320D2GC,2
2569,มกราคม,รถแทร็กเตอร์,CATERPILLAR,320DRR,1
2569,มกราคม,รถแทร็กเตอร์,CATERPILLAR,320E,4
2569,มกราคม,รถแทร็กเตอร์,CATERPILLAR,320GC,2
2569,มกราคม,รถแทร็กเตอร์,CATERPILLAR,320GX,7
2569,มกราคม,รถแทร็กเตอร์,CATERPILLAR,323GC,2
2569,มกราคม,รถแทร็กเตอร์,CATERPILLAR,323GX,10
2569,มกราคม,รถแทร็กเตอร์,CATERPILLAR,323GX SLR,30
2569,มกราคม,รถแทร็กเตอร์,CATERPILLAR,336,1
2569,มกราคม,รถแทร็กเตอร์,CATERPILLAR,426,5
2569,มกราคม,รถแทร็กเตอร์,CATERPILLAR,936EZ,1
2569,มกราคม,รถแทร็กเตอร์,CATERPILLAR,950GC,1
2569,มกราคม,รถแทร็กเตอร์,CHAMP,LG828,1
2569,มกราคม,รถแทร็กเตอร์,CHAMP,YTO-MF504X,1
2569,มกราคม,รถแทร็กเตอร์,EUROTRAC,TB,1
2569,มกราคม,รถแทร็กเตอร์,FORD,4630,1
2569,มกราคม,รถแทร็กเตอร์,FORD,5000,3
2569,มกราคม,รถแทร็กเตอร์,FORD,5000 65HP,2
2569,มกราคม,รถแทร็กเตอร์,FORD,5600,2
2569,มกราคม,รถแทร็กเตอร์,FORD,5640,1
2569,มกราคม,รถแทร็กเตอร์,FORD,5640 4WD,1
2569,มกราคม,รถแทร็กเตอร์,FORD,6000,1
2569,มกราคม,รถแทร็กเตอร์,FORD,6600,7
2569,มกราคม,รถแทร็กเตอร์,FORD,6610,2
2569,มกราคม,รถแทร็กเตอร์,FORD,6640,5
2569,มกราคม,รถแทร็กเตอร์,FORD,6700,1
2569,มกราคม,รถแทร็กเตอร์,FORD,6810,2
2569,มกราคม,รถแทร็กเตอร์,FORD,7700,1
2569,มกราคม,รถแทร็กเตอร์,FORD,7740,5
2569,มกราคม,รถแทร็กเตอร์,FORD,7810,4
2569,มกราคม,รถแทร็กเตอร์,FORD,7840,2
2569,มกราคม,รถแทร็กเตอร์,FORD,8210,1
2569,มกราคม,รถแทร็กเตอร์,FORD,,2
2569,มกราคม,รถแทร็กเตอร์,HIDROMEK,HMK140WH4,1
2569,มกราคม,รถแทร็กเตอร์,HITACHI,BX100,1
2569,มกราคม,รถแทร็กเตอร์,HITACHI,EX120-2,1
2569,มกราคม,รถแทร็กเตอร์,HITACHI,ZW140-5B,1
2569,มกราคม,รถแทร็กเตอร์,HITACHI,ZW220-5A,1
2569,มกราคม,รถแทร็กเตอร์,HITACHI,ZX120-3,3
2569,มกราคม,รถแทร็กเตอร์,HITACHI,ZX120-5B,1
2569,มกราคม,รถแทร็กเตอร์,HITACHI,ZX130-5G,1
2569,มกราคม,รถแทร็กเตอร์,HITACHI,ZX200-5G,8
2569,มกราคม,รถแทร็กเตอร์,HITACHI,ZX210-6G,5
2569,มกราคม,รถแทร็กเตอร์,HITACHI,ZX33U-5A,1
2569,มกราคม,รถแทร็กเตอร์,HITACHI,ZX55U-5A,1
2569,มกราคม,รถแทร็กเตอร์,HITACHI,ZX70-3,1
2569,มกราคม,รถแทร็กเตอร์,HITACHI,ZX70-5G,1
2569,มกราคม,รถแทร็กเตอร์,HITACHI,ZX75US-3,1
2569,มกราคม,รถแทร็กเตอร์,HYUNDAI,HD100,1
2569,มกราคม,รถแทร็กเตอร์,HYUNDAI,HL667VL,1
2569,มกราคม,รถแทร็กเตอร์,HYUNDAI,HX210HD,1
2569,มกราคม,รถแทร็กเตอร์,HYUNDAI,HX220HD,1
2569,มกราคม,รถแทร็กเตอร์,HYUNDAI,HX60G,1
2569,มกราคม,รถแทร็กเตอร์,HYUNDAI,R130S,2
2569,มกราคม,รถแทร็กเตอร์,HYUNDAI,ROBEX220-9S,1
2569,มกราคม,รถแทร็กเตอร์,ISEKI,NT540,1
2569,มกราคม,รถแทร็กเตอร์,ISEKI,NT542FSRE1T,2
2569,มกราคม,รถแทร็กเตอร์,ISEKI,NT554FSRE1T,6
2569,มกราคม,รถแทร็กเตอร์,ISEKI,NTZ227FRE11T,1
2569,มกราคม,รถแทร็กเตอร์,JCB,2DX,1
2569,มกราคม,รถแทร็กเตอร์,JCB,3CX PLUS,4
2569,มกราคม,รถแทร็กเตอร์,JCB,51R-1,1
2569,มกราคม,รถแทร็กเตอร์,JCB,540-170,1
2569,มกราคม,รถแทร็กเตอร์,JCB,JS140 NXT,2
2569,มกราคม,รถแทร็กเตอร์,JCB,JS215LC NXT,1
2569,มกราคม,รถแทร็กเตอร์,JOHN DEERE,5040D,9
2569,มกราคม,รถแทร็กเตอร์,JOHN DEERE,5050E,5
2569,มกราคม,รถแทร็กเตอร์,JOHN DEERE,5055E,4
2569,มกราคม,รถแทร็กเตอร์,JOHN DEERE,5065E,1
2569,มกราคม,รถแทร็กเตอร์,JOHN DEERE,5076E,1
2569,มกราคม,รถแทร็กเตอร์,KOBELCO,SK125SR-3,1
2569,มกราคม,รถแทร็กเตอร์,KOBELCO,SK130-10,2
2569,มกราคม,รถแทร็กเตอร์,KOBELCO,SK135SR-2,1
2569,มกราคม,รถแทร็กเตอร์,KOBELCO,SK135SR-3,2
2569,มกราคม,รถแทร็กเตอร์,KOBELCO,SK140LC-11,3
2569,มกราคม,รถแทร็กเตอร์,KOBELCO,SK140LC-8,1
2569,มกราคม,รถแทร็กเตอร์,KOBELCO,SK140LC-8 SUPER XM,3
2569,มกราคม,รถแทร็กเตอร์,KOBELCO,SK200-10,1
2569,มกราคม,รถแทร็กเตอร์,KOBELCO,SK200-10 SM,13
2569,มกราคม,รถแทร็กเตอร์,KOBELCO,SK200-8 SUPER,1
2569,มกราคม,รถแทร็กเตอร์,KOBELCO,SK200-8 SUPER XM,1
2569,มกราคม,รถแทร็กเตอร์,KOBELCO,SK210LC-10,2
2569,มกราคม,รถแทร็กเตอร์,KOBELCO,SK35SR-6,3
2569,มกราคม,รถแทร็กเตอร์,KOBELCO,SK380XDLC-10,1
2569,มกราคม,รถแทร็กเตอร์,KOBELCO,SK45SR-6,1
2569,มกราคม,รถแทร็กเตอร์,KOBELCO,SK50P-6,1
2569,มกราคม,รถแทร็กเตอร์,KOBELCO,SK70SR-2,1
2569,มกราคม,รถแทร็กเตอร์,KOBELCO,SK75-8,1
2569,มกราคม,รถแทร็กเตอร์,KOMATSU,D20P-8,1
2569,มกราคม,รถแทร็กเตอร์,KOMATSU,PC120-8,1
2569,มกราคม,รถแทร็กเตอร์,KOMATSU,PC128US-10,1
2569,มกราคม,รถแทร็กเตอร์,KOMATSU,PC128US-11,2
2569,มกราคม,รถแทร็กเตอร์,KOMATSU,PC130-10M0,4
2569,มกราคม,รถแทร็กเตอร์,KOMATSU,PC130-8,2
2569,มกราคม,รถแทร็กเตอร์,KOMATSU,PC138US-10,1
2569,มกราคม,รถแทร็กเตอร์,KOMATSU,PC200-10M0,9
2569,มกราคม,รถแทร็กเตอร์,KOMATSU,PC200-8M0,3
2569,มกราคม,รถแทร็กเตอร์,KOMATSU,PC210-10M0,8
2569,มกราคม,รถแทร็กเตอร์,KOMATSU,PC225LC-10M0,1
2569,มกราคม,รถแทร็กเตอร์,KOMATSU,PC30MR-3,2
2569,มกราคม,รถแทร็กเตอร์,KOMATSU,PC30MR-5,1
2569,มกราคม,รถแทร็กเตอร์,KOMATSU,PC350-8M0,1
2569,มกราคม,รถแทร็กเตอร์,KOMATSU,PC350-8M2,2
2569,มกราคม,รถแทร็กเตอร์,KOMATSU,PC40MR-2,1
2569,มกราคม,รถแทร็กเตอร์,KOMATSU,PC45MR-3,4
2569,มกราคม,รถแทร็กเตอร์,KOMATSU,PC56-7,1
2569,มกราคม,รถแทร็กเตอร์,KOMATSU,PC70-8,1
2569,มกราคม,รถแทร็กเตอร์,KOMATSU,PC78US-8,1
2569,มกราคม,รถแทร็กเตอร์,KOMATSU,WA150-5,1
2569,มกราคม,รถแทร็กเตอร์,KOMATSU,WA200-6,1
2569,มกราคม,รถแทร็กเตอร์,KOMATSU,WA200-7,1
2569,มกราคม,รถแทร็กเตอร์,KOMATSU,WA270-8,1
2569,มกราคม,รถแทร็กเตอร์,KOMATSU,WA320-5,1
2569,มกราคม,รถแทร็กเตอร์,KOMATSU,WA380-6,1
2569,มกราคม,รถแทร็กเตอร์,KUBOTA,B2140SD (6C617-11100),21
2569,มกราคม,รถแทร็กเตอร์,KUBOTA,B2140SD (6C617-11110),32
2569,มกราคม,รถแทร็กเตอร์,KUBOTA,B2401DWO-USA,1
2569,มกราคม,รถแทร็กเตอร์,KUBOTA,B2440SD (6C627-11000),128
2569,มกราคม,รถแทร็กเตอร์,KUBOTA,B2740SD (6C637-12000),116
2569,มกราคม,รถแทร็กเตอร์,KUBOTA,CB-108X-TH (5T286-90000),2
2569,มกราคม,รถแทร็กเตอร์,KUBOTA,CB-120X-TH (5T262-90000),7
2569,มกราคม,รถแทร็กเตอร์,KUBOTA,CB-93G-TH-K (5T127-90001),2
2569,มกราคม,รถแทร็กเตอร์,KUBOTA,CB70G-3TH (5T277-80300),4
2569,มกราคม,รถแทร็กเตอร์,KUBOTA,DC-108X-TH (5T286-00000),6
2569,มกราคม,รถแทร็กเตอร์,KUBOTA,DC-120X-TH (5T262-00000),5
2569,มกราคม,รถแทร็กเตอร์,KUBOTA,DC-93G-TH-K (5T127-00001),4
2569,มกราคม,รถแทร็กเตอร์,KUBOTA,DC70G-3TH (5T277-10300),26
2569,มกราคม,รถแทร็กเตอร์,KUBOTA,DC70G3THCCH (5T277-82000),2
2569,มกราคม,รถแทร็กเตอร์,KUBOTA,KX033-4,28
2569,มกราคม,รถแทร็กเตอร์,KUBOTA,KX033-4 AC,93
2569,มกราคม,รถแทร็กเตอร์,KUBOTA,KX080-3S,4
2569,มกราคม,รถแทร็กเตอร์,KUBOTA,L3218SP (TC872-15100),1
2569,มกราคม,รถแทร็กเตอร์,KUBOTA,L3228 (TC912-15100),11
2569,มกราคม,รถแทร็กเตอร์,KUBOTA,L3228-F (TC912-19100),55
2569,มกราคม,รถแทร็กเตอร์,KUBOTA,L4018DT(TC822-15100),1
2569,มกราคม,รถแทร็กเตอร์,KUBOTA,L4018SP (TC882-15100),3
2569,มกราคม,รถแทร็กเตอร์,KUBOTA,L4028 (TC922-15100),51
2569,มกราคม,รถแทร็กเตอร์,KUBOTA,L4028-F (TC922-19100),348
2569,มกราคม,รถแทร็กเตอร์,KUBOTA,L4028-VF (TC922-19500),25
2569,มกราคม,รถแทร็กเตอร์,KUBOTA,L5018SP (TC892-15100),6
2569,มกราคม,รถแทร็กเตอร์,KUBOTA,L5018SP-CF (TC892-56100),7
2569,มกราคม,รถแทร็กเตอร์,KUBOTA,L5018SP-F (TC892-16100),12
2569,มกราคม,รถแทร็กเตอร์,KUBOTA,L5018SP-SG (TC892-15103),3
2569,มกราคม,รถแทร็กเตอร์,KUBOTA,L5018SP-VF (TC892-16500),5
2569,มกราคม,รถแทร็กเตอร์,KUBOTA,L5018SP-VT (TC892-15500),1
2569,มกราคม,รถแทร็กเตอร์,KUBOTA,L5228 (TC942-15100),75
2569,มกราคม,รถแทร็กเตอร์,KUBOTA,L5228-C-TF (TC942-59300),29
2569,มกราคม,รถแทร็กเตอร์,KUBOTA,L5228-C-TL (TC942-56300),1
2569,มกราคม,รถแทร็กเตอร์,KUBOTA,L5228-C-TVF (TC942-59700),1
2569,มกราคม,รถแทร็กเตอร์,KUBOTA,L5228-F (TC942-19100),856
2569,มกราคม,รถแทร็กเตอร์,KUBOTA,L5228-FS (TC942-14100),17
2569,มกราคม,รถแทร็กเตอร์,KUBOTA,L5228-S (TC942-13100),6
2569,มกราคม,รถแทร็กเตอร์,KUBOTA,L5228-V (TC942-15500),2
2569,มกราคม,รถแทร็กเตอร์,KUBOTA,L5228-VF (TC942-19500),66
2569,มกราคม,รถแทร็กเตอร์,KUBOTA,L5228-VFS (TC942-14500),2
2569,มกราคม,รถแทร็กเตอร์,KUBOTA,L5228-VS (TC942-13500),1
2569,มกราคม,รถแทร็กเตอร์,KUBOTA,M108S,32
2569,มกราคม,รถแทร็กเตอร์,KUBOTA,M135X,1
2569,มกราคม,รถแทร็กเตอร์,KUBOTA,M6040DT-TH (3C319-00000),11
2569,มกราคม,รถแทร็กเตอร์,KUBOTA,M6240SUH,148
2569,มกราคม,รถแทร็กเตอร์,KUBOTA,M7040DT,4
2569,มกราคม,รถแทร็กเตอร์,KUBOTA,M7508DTH,64
2569,มกราคม,รถแทร็กเตอร์,KUBOTA,M8808DTH,32
2569,มกราคม,รถแทร็กเตอร์,KUBOTA,M9808DTH,59
2569,มกราคม,รถแทร็กเตอร์,KUBOTA,MU4902DT (TE012-15000),30
2569,มกราคม,รถแทร็กเตอร์,KUBOTA,MU5702DT (TE022-15000),51
2569,มกราคม,รถแทร็กเตอร์,KUBOTA,U-30-5,1
2569,มกราคม,รถแทร็กเตอร์,KUBOTA,U008-5SVFRGX0TH,2
2569,มกราคม,รถแทร็กเตอร์,KUBOTA,U17,9
2569,มกราคม,รถแทร็กเตอร์,KUBOTA,U36-6,1
2569,มกราคม,รถแทร็กเตอร์,KUBOTA,U36-6 AC,2
2569,มกราคม,รถแทร็กเตอร์,KUBOTA,U55-6S,4
2569,มกราคม,รถแทร็กเตอร์,KUBOTA,U55-6S AC,59
2569,มกราคม,รถแทร็กเตอร์,LIUGONG,842T,2
2569,มกราคม,รถแทร็กเตอร์,LIUGONG,906F,1
2569,มกราคม,รถแทร็กเตอร์,LIUGONG,CLG835H,1
2569,มกราคม,รถแทร็กเตอร์,LIUGONG,CLG842H,1
2569,มกราคม,รถแทร็กเตอร์,LIUGONG,CLG856H,1
2569,มกราคม,รถแทร็กเตอร์,LIUGONG,CLG920E,7
2569,มกราคม,รถแทร็กเตอร์,LIUGONG,CLG922E,2
2569,มกราคม,รถแทร็กเตอร์,LIUGONG,CLGB161C,1
2569,มกราคม,รถแทร็กเตอร์,LIUGONG,CLGB230C,1
2569,มกราคม,รถแทร็กเตอร์,LIUGONG,CLGW915E,2
2569,มกราคม,รถแทร็กเตอร์,LOVOL,EURO 110,1
2569,มกราคม,รถแทร็กเตอร์,LOVOL,EURO TB,2
2569,มกราคม,รถแทร็กเตอร์,LOVOL,EURO TD,3
2569,มกราคม,รถแทร็กเตอร์,LOVOL,EURO TE,4
2569,มกราคม,รถแทร็กเตอร์,LOVOL,EURO TH,1
2569,มกราคม,รถแทร็กเตอร์,LOVOL,FL936H,2
2569,มกราคม,รถแทร็กเตอร์,LOVOL,P4090,1
2569,มกราคม,รถแทร็กเตอร์,LOVOL,TH754,1
2569,มกราคม,รถแทร็กเตอร์,LOVOL,TM2E3A504-027K,1
2569,มกราคม,รถแทร็กเตอร์,LUGONG,T936,1
2569,มกราคม,รถแทร็กเตอร์,MAHINDRA,2124,1
2569,มกราคม,รถแทร็กเตอร์,MAHINDRA,3140,1
2569,มกราคม,รถแทร็กเตอร์,MAHINDRA,5050,2
2569,มกราคม,รถแทร็กเตอร์,MAHINDRA,5050 4WD,2
2569,มกราคม,รถแทร็กเตอร์,MITSUBISHI,MF61WF,1
2569,มกราคม,รถแทร็กเตอร์,NEWHOLLAND,6640,1
2569,มกราคม,รถแทร็กเตอร์,NEWHOLLAND,7740,3
2569,มกราคม,รถแทร็กเตอร์,NEWHOLLAND,8340,2
2569,มกราคม,รถแทร็กเตอร์,NEWHOLLAND,B80C,1
2569,มกราคม,รถแทร็กเตอร์,NEWHOLLAND,T6.165,1
2569,มกราคม,รถแทร็กเตอร์,NEWHOLLAND,T6030,1
2569,มกราคม,รถแทร็กเตอร์,NEWHOLLAND,T7.245,1
2569,มกราคม,รถแทร็กเตอร์,NEWHOLLAND,TD5.110,1
2569,มกราคม,รถแทร็กเตอร์,NEWHOLLAND,TD5.90,2
2569,มกราคม,รถแทร็กเตอร์,NEWHOLLAND,TM125,1
2569,มกราคม,รถแทร็กเตอร์,NEWHOLLAND,TM135,1
2569,มกราคม,รถแทร็กเตอร์,NEWHOLLAND,TS110,1
2569,มกราคม,รถแทร็กเตอร์,NEWHOLLAND,TS115,1
2569,มกราคม,รถแทร็กเตอร์,NEWHOLLAND,TS115A,1
2569,มกราคม,รถแทร็กเตอร์,NEWHOLLAND,TS125A,1
2569,มกราคม,รถแทร็กเตอร์,NEWHOLLAND,TS6000,1
2569,มกราคม,รถแทร็กเตอร์,NEWHOLLAND,TT2.50,2
2569,มกราคม,รถแทร็กเตอร์,NEWHOLLAND,TT3.40,2
2569,มกราคม,รถแทร็กเตอร์,NEWHOLLAND,TT3.40 PLUS,2
2569,มกราคม,รถแทร็กเตอร์,NEWHOLLAND,TT3.50,29
2569,มกราคม,รถแทร็กเตอร์,NEWHOLLAND,TT4.65,5
2569,มกราคม,รถแทร็กเตอร์,NEWHOLLAND,TT4.75,1
2569,มกราคม,รถแทร็กเตอร์,NEWHOLLAND,TT4.90,1
2569,มกราคม,รถแทร็กเตอร์,NEWHOLLAND,TT55,1
2569,มกราคม,รถแทร็กเตอร์,NEWHOLLAND,,1
2569,มกราคม,รถแทร็กเตอร์,PAT,PAT S3,1
2569,มกราคม,รถแทร็กเตอร์,SANY,STG230C-8S,1
2569,มกราคม,รถแทร็กเตอร์,SANY,SW966E,2
2569,มกราคม,รถแทร็กเตอร์,SANY,SY135C,7
2569,มกราคม,รถแทร็กเตอร์,SANY,SY200C,2
2569,มกราคม,รถแทร็กเตอร์,SANY,SY205C,3
2569,มกราคม,รถแทร็กเตอร์,SANY,SY215C,13
2569,มกราคม,รถแทร็กเตอร์,SANY,SY365H,1
2569,มกราคม,รถแทร็กเตอร์,SANY,SY55C,1
2569,มกราคม,รถแทร็กเตอร์,SDLG,E6135F,1
2569,มกราคม,รถแทร็กเตอร์,SDLG,E680F,2
2569,มกราคม,รถแทร็กเตอร์,SDLG,LG936L,1
2569,มกราคม,รถแทร็กเตอร์,SHANMON,388,2
2569,มกราคม,รถแทร็กเตอร์,SUMITOMO,HA45W-7,1
2569,มกราคม,รถแทร็กเตอร์,SUMITOMO,HA60C-7,1
2569,มกราคม,รถแทร็กเตอร์,SUMITOMO,HA60W-7,5
2569,มกราคม,รถแทร็กเตอร์,SUMITOMO,HA60W-8,2
2569,มกราคม,รถแทร็กเตอร์,SUMITOMO,SH120-5,1
2569,มกราคม,รถแทร็กเตอร์,SUMITOMO,SH120-7,1
2569,มกราคม,รถแทร็กเตอร์,SUMITOMO,SH125X-3B,1
2569,มกราคม,รถแทร็กเตอร์,SUMITOMO,SH130-6,5
2569,มกราคม,รถแทร็กเตอร์,SUMITOMO,SH200LC-6,1
2569,มกราคม,รถแทร็กเตอร์,SUMITOMO,SH210-5,1
2569,มกราคม,รถแทร็กเตอร์,SUMITOMO,SH210-6,5
2569,มกราคม,รถแทร็กเตอร์,SUMITOMO,SH210F-6,3
2569,มกราคม,รถแทร็กเตอร์,SUMITOMO,SH75X-3,1
2569,มกราคม,รถแทร็กเตอร์,SUMITOMO,SH80-6B,2
2569,มกราคม,รถแทร็กเตอร์,SUNWARD,SWE150E,1
2569,มกราคม,รถแทร็กเตอร์,SUNWARD,SWE210E,1
2569,มกราคม,รถแทร็กเตอร์,THAISENGYONG,TT8C,1
2569,มกราคม,รถแทร็กเตอร์,VOGELE,08.83/SUPER 1603-2,1
2569,มกราคม,รถแทร็กเตอร์,VOLVO,EC200D,6
2569,มกราคม,รถแทร็กเตอร์,VOLVO,EC210D,1
2569,มกราคม,รถแทร็กเตอร์,VOLVO,EC210F3,4
2569,มกราคม,รถแทร็กเตอร์,VOLVO,EW145B,1
2569,มกราคม,รถแทร็กเตอร์,WEICHAI LOVOL,FR60E2-H,3
2569,มกราคม,รถแทร็กเตอร์,WEICHAI LOVOL,FW160F,1
2569,มกราคม,รถแทร็กเตอร์,WIRTGEN,HM4500,1
2569,มกราคม,รถแทร็กเตอร์,WIRTGEN,RX4500,1
2569,มกราคม,รถแทร็กเตอร์,WIRTGEN,WR250,1
2569,มกราคม,รถแทร็กเตอร์,WIRTGEN,WR2500S,3
2569,มกราคม,รถแทร็กเตอร์,XCMG,LW186FV,2
2569,มกราคม,รถแทร็กเตอร์,XCMG,XC938TH,2
2569,มกราคม,รถแทร็กเตอร์,XCMG,XC958-EV,2
2569,มกราคม,รถแทร็กเตอร์,XCMG,XE205D,1
2569,มกราคม,รถแทร็กเตอร์,XCMG,XE215C,1
2569,มกราคม,รถแทร็กเตอร์,XCMG,XE215CLL,1
2569,มกราคม,รถแทร็กเตอร์,XCMG,XE55DA,1
2569,มกราคม,รถแทร็กเตอร์,XCMG,XE60DA,1
2569,มกราคม,รถแทร็กเตอร์,XCMG,XE75DA,1
2569,มกราคม,รถแทร็กเตอร์,YANMAR,AW82GV,1
2569,มกราคม,รถแทร็กเตอร์,YANMAR,EF393A,27
2569,มกราคม,รถแทร็กเตอร์,YANMAR,EF393T,33
2569,มกราคม,รถแทร็กเตอร์,YANMAR,EF494T,2
2569,มกราคม,รถแทร็กเตอร์,YANMAR,EF725T,4
2569,มกราคม,รถแทร็กเตอร์,YANMAR,SOLIS 105-4WD,3
2569,มกราคม,รถแทร็กเตอร์,YANMAR,SOLIS 30-4WD,23
2569,มกราคม,รถแทร็กเตอร์,YANMAR,SOLIS 50-4WD,12
2569,มกราคม,รถแทร็กเตอร์,YANMAR,SOLIS 90-4WD,2
2569,มกราคม,รถแทร็กเตอร์,YANMAR,SOLIS WT-75-4WD,30
2569,มกราคม,รถแทร็กเตอร์,YANMAR,VIO17-1,2
2569,มกราคม,รถแทร็กเตอร์,YANMAR,VIO23-6,4
2569,มกราคม,รถแทร็กเตอร์,YANMAR,VIO30-7,1
2569,มกราคม,รถแทร็กเตอร์,YANMAR,VIO35-6B,5
2569,มกราคม,รถแทร็กเตอร์,YANMAR,VIO35-7,12
2569,มกราคม,รถแทร็กเตอร์,YANMAR,VIO50-6B,1
2569,มกราคม,รถแทร็กเตอร์,YANMAR,VIO55-6B,6
2569,มกราคม,รถแทร็กเตอร์,YANMAR,YM351A,2
2569,มกราคม,รถแทร็กเตอร์,YANMAR,YM351R,67
2569,มกราคม,รถแทร็กเตอร์,YANMAR,YM357A,4
2569,มกราคม,รถแทร็กเตอร์,YANMAR,YM358R,35
2569,มกราคม,รถแทร็กเตอร์,ZOOMLION,RC904-A,1
2569,มกราคม,รถแทร็กเตอร์,ZOOMLION,RD504,1
2569,มกราคม,รถแทร็กเตอร์,ZOOMLION,RK554-A,1
2569,มกราคม,รถแทร็กเตอร์,ZOOMLION,ZD160TS-3,1
2569,มกราคม,รถแทร็กเตอร์,ZOOMLION,ZE215E,1
2569,มกราคม,รถบดถนน,BOMAG,BW 211 D-5 SL,5
2569,มกราคม,รถบดถนน,CATERPILLAR,825C,1
2569,มกราคม,รถบดถนน,CATERPILLAR,CB13,1
2569,มกราคม,รถบดถนน,CATERPILLAR,CS533E,1
2569,มกราคม,รถบดถนน,DYNAPAC,CA30D,1
2569,มกราคม,รถบดถนน,DYNAPAC,CC2200,1
2569,มกราคม,รถบดถนน,DYNAPAC,CC3800,1
2569,มกราคม,รถบดถนน,DYNAPAC,CP275,1
2569,มกราคม,รถบดถนน,HAMM,HC119,1
2569,มกราคม,รถบดถนน,HITACHI,CP220-3,1
2569,มกราคม,รถบดถนน,KAWASAKI,,1
2569,มกราคม,รถบดถนน,LIUGONG,CLG6611E,2
2569,มกราคม,รถบดถนน,LIUGONG,CLG6612E,1
2569,มกราคม,รถบดถนน,LIUGONG,CLG6620E,1
2569,มกราคม,รถบดถนน,LIUGONG,CLG6626E,1
2569,มกราคม,รถบดถนน,SAKAI,SV520DF,1
2569,มกราคม,รถบดถนน,SAKAI,SV521D,1
2569,มกราคม,รถบดถนน,SAKAI,SV900DV,1
2569,มกราคม,รถบดถนน,SAKAI,SW652H-1K,1
2569,มกราคม,รถบดถนน,SAKAI,TW352,1
2569,มกราคม,รถบดถนน,SAKAI,TW500W-1,1
2569,มกราคม,รถบดถนน,SAKAI,TZ701,1
2569,มกราคม,รถบดถนน,SAKAI,TZ701-1,3
2569,มกราคม,รถบดถนน,SANY,SSR100C-10S,1
2569,มกราคม,รถบดถนน,SANY,SSR120C-10S,1
2569,มกราคม,รถบดถนน,VOLVO,SD110,2
2569,มกราคม,รถบดถนน,WEICHAI LOVOL,FY12S,1
2569,มกราคม,รถบดถนน,XCMG,XS123,2
2569,มกราคม,รถพ่วง,ไม่ระบุ,ABBEY AVENTURA 320,1
2569,มกราคม,รถพ่วง,ไม่ระบุ,BEAT DIRT BIKE SR,1
2569,มกราคม,รถพ่วง,ไม่ระบุ,BEAT DOUBLE BIKE,1
2569,มกราคม,รถพ่วง,ไม่ระบุ,BEAT DOUBLE JETSKI,1
2569,มกราคม,รถพ่วง,ไม่ระบุ,BEAT FARM 6X4 FT,1
2569,มกราคม,รถพ่วง,ไม่ระบุ,BEAT FLAT BED 175X250 CM,1
2569,มกราคม,รถพ่วง,ไม่ระบุ,BEAT FLAT BED 180X360 CM,2
2569,มกราคม,รถพ่วง,ไม่ระบุ,BEAT SINGLE JETSKI,2
2569,มกราคม,รถพ่วง,ไม่ระบุ,BEAT SPORT II,1
2569,มกราคม,รถพ่วง,ไม่ระบุ,BEAT TRICYCLE,1
2569,มกราคม,รถพ่วง,ไม่ระบุ,BOAT TRAILER,9
2569,มกราคม,รถพ่วง,ไม่ระบุ,BOX VAN TRAILER,6
2569,มกราคม,รถพ่วง,ไม่ระบุ,CAMPER,3
2569,มกราคม,รถพ่วง,ไม่ระบุ,CARAVAN,5
2569,มกราคม,รถพ่วง,ไม่ระบุ,CARAVAN PERFECT,2
2569,มกราคม,รถพ่วง,ไม่ระบุ,COACHMAN PASTICHE 460/2,1
2569,มกราคม,รถพ่วง,ไม่ระบุ,HORSE BOX,1
2569,มกราคม,รถพ่วง,ไม่ระบุ,MOTERBIKE TRAILER,3
2569,มกราคม,รถพ่วง,ไม่ระบุ,SWIFT,1
2569,มกราคม,รถพ่วง,ไม่ระบุ,UTILITY TRAILER,33
2569,มกราคม,รถจักรยานยนต์สาธารณะ,HONDA,CLICK125,7
2569,มกราคม,รถจักรยานยนต์สาธารณะ,HONDA,GIORNO+,2
2569,มกราคม,รถจักรยานยนต์สาธารณะ,HONDA,LEAD125,7
2569,มกราคม,รถจักรยานยนต์สาธารณะ,HONDA,SCOOPY,1
2569,มกราคม,รถจักรยานยนต์สาธารณะ,HONDA,WAVE110,4
2569,มกราคม,รถจักรยานยนต์สาธารณะ,HONDA,WAVE110I,17
2569,มกราคม,รถจักรยานยนต์สาธารณะ,HONDA,WAVE125,34
2569,มกราคม,รถจักรยานยนต์สาธารณะ,HONDA,WAVE125I,1
2569,มกราคม,รถจักรยานยนต์สาธารณะ,YAMAHA,FAZZIO,2
2569,มกราคม,รถจักรยานยนต์สาธารณะ,YAMAHA,FINN,3
2569,มกราคม,รถจักรยานยนต์สาธารณะ,YAMAHA,GRAND FILANO,6
